Filename,Subject,Vowel,F1_50,Z_F1_50,F2_50,Z_F2_50,F3_50,Z_F3_50,F4,Z_F4
u_subj44_f_supe_180,subj44,u,263.877806013193,-3.5691083833550836,455.3560324534361,-2.911580043893551,893.2457597166292,-2.9829878097835003,1615.9936237229974,-2.982441232423566
e_subj81_m_peca_261,subj81,e,454.2395173991004,1.5238990238606323,2036.3142871728649,2.5437577771457973,2651.4664450958003,0.7885090851640859,3340.141778486943,0.6853079081918254
u_subj53_m_buque_56,subj53,u,275.6053755678264,-1.8055338176655595,761.2788096731421,-1.388915037648622,1645.995986706061,-3.05535607106626,2415.0574468174996,-2.666327184895351
a_subj32_f_saque_205,subj32,a,682.9542091709321,-2.9449473715283845,969.6646127573246,-2.6713466047942176,1547.008869099917,-2.2377805660523378,1927.9892726253563,-2.773319247631007
o_subj62_m_vato_199,subj62,o,771.8608690176059,3.6695928517555307,1159.651738088453,1.336614207501982,2580.709260458796,-0.2923970115202809,3497.8928213756285,1.0010515914422176
a_subj31_m_vara_406,subj31,a,633.3836116082845,-0.1320846819973017,1178.8550625373784,-1.528490146332102,2287.4645409319664,-2.7288196887857845,3375.0656655630132,-0.5547001635042956
e_subj68_m_seque_280,subj68,e,422.7822880925674,-2.692975470816897,1992.3156019845164,0.8992457569948683,2299.4579401048613,-1.073595178048495,3752.029073231458,0.7669714539049565
e_subj34_f_peca_186,subj34,e,648.3704208579464,0.5327789608536951,2251.8388982525366,1.2414135067952607,2286.693192007765,-3.0734291865195233,2871.063725058416,-1.9150885029558697
u_subj55_m_cura_263,subj55,u,405.10968620868533,1.5344178281428251,785.1554901799924,-0.5777733942962049,2882.969381970092,2.705713946647673,3854.9414863793545,2.8199050915647925
i_subj69_m_pico_253,subj69,i,350.71885259928234,1.5429631868172256,1487.965541664837,-3.4874499782927892,2241.482147499733,-2.6937112075988154,2921.076262521151,-2.6695257853177736
o_subj45_f_toca_210,subj45,o,440.1943768353909,-2.4074752600138223,789.8795097097513,-2.9478642107149264,1210.6845673039954,-3.675591616258925,2408.942956566897,-3.6116421204242015
a_subj16_f_vara_120,subj16,a,641.9679982559278,-2.4155162531316385,952.1981824329372,-2.9578353727522386,1462.3460762179034,-2.948494358840603,1826.1664773477228,-2.438052619445328
o_subj47_f_coro_253,subj47,o,641.6094627838704,2.575696410089604,1269.2880051329817,1.795772506338175,2385.865818473469,-0.2210628949079579,4079.6821268244703,0.36223124206614055
o_subj72_m_voto_323,subj72,o,478.5255269635397,-0.9154270076021,900.9562374358064,-0.208694592184739,2031.124346006168,-2.1274730258816192,2646.265594295457,-3.4407393400619566
o_subj49_f_toco_233,subj49,o,335.8696224862185,-2.0260807195463544,715.7343358105485,-1.1424400685293692,1231.5828036494404,-2.5111705769925785,2578.276837211455,-2.46628790960106
i_subj58_m_quito_128,subj58,i,389.91093504983667,2.7657495427035177,1739.0595627156777,0.06425646298543013,2233.469861604611,-0.5364755022725269,2993.2416984179213,-0.6201741438438833
u_subj74_m_cuco_222,subj74,u,539.5905082828807,3.4783217943231515,3150.790208900472,3.6936857306045807,3477.249088788403,2.8074847691607743,5728.2522149659935,3.607575204752804
u_subj9_m_buque_255,subj9,u,588.8497878043449,3.1331723700562724,2872.546186489486,2.723824237677182,3507.7223905788833,2.0220745434810983,4232.777159754663,2.0065480716333566
o_subj8_f_bate_53,subj8,o,796.6885689925815,2.9113451407936326,1397.0409954911886,3.1841937918795455,2621.599054534364,-0.11619237253643856,3696.422285782224,0.1546142843784665
u_subj36_f_buque_256,subj36,u,520.1288879996466,2.611162461519966,680.9089505508275,-1.243562740349278,2775.2298433247634,0.5558773353977118,4105.573408289789,0.4297665770335248
o_subj25_f_toque_273,subj25,o,443.4744546758258,-2.660730606271585,703.1706056891517,-2.2153990475144147,1141.9460355549468,-2.508870616534812,2473.632368610377,-2.1526171743763354
o_subj46_f_bote_161,subj46,o,507.765116356641,-1.6139952687788917,928.8701540995808,-0.09524095477282804,2967.0142521647467,0.558986350276627,3052.209939968649,-3.308252446303959
e_subj6_f_peca_39,subj6,e,384.4490492615866,-3.3522175244433505,659.739491954315,-3.6115118439963365,1296.0105102836096,-3.5534878105916166,2349.2173786677013,-3.658548153011915
u_subj40_f_supe_69,subj40,u,459.3574451970593,1.0720044318088047,2086.214142136623,3.462576452035147,3219.5743085992467,2.712982355985756,3660.5635833702377,0.7146266693081068
i_subj39_f_pico_162,subj39,i,280.7019242760489,-2.229958581005589,578.4920392769008,-2.526186673144303,1200.980182923875,-2.487966370438011,1871.92599317771,-2.6013517928074217
i_subj41_f_quite_73,subj41,i,383.3136270899235,1.2094859886499367,1673.1893442416165,-3.68360521058749,2661.971989972992,-3.107235454090668,4113.40487421479,-0.17108221805300547
u_subj14_m_cuco_243,subj14,u,566.9962852811094,3.4320961009239714,2686.4121158003604,2.240814196781269,3477.7208878795805,2.2701750005770918,4254.199561059288,1.5632557688166167
a_subj22_f_saco_55,subj22,a,337.24279788549927,-3.6399289177646623,819.1643564307338,-3.2436605216826075,1046.5648940600809,-3.4719953762660913,1572.2144848448293,-3.7119451726156822
e_subj2_f_beta_178,subj2,e,384.5264459285009,-1.822377909914494,642.6116706526428,-2.537600190744047,1851.3589860332784,-2.016777643571474,2299.0410151674855,-2.1081145183222825
u_subj30_f_supo_230,subj30,u,249.60151179160036,-2.5043543042156253,449.8337525294431,-2.238413728529638,1097.878016068484,-2.4607400185430963,1538.4324531624306,-2.3765449227310227
i_subj41_f_pica_252,subj41,i,378.339644141611,1.0181165320797831,2693.599628434418,0.22808990569386806,3087.997418181209,-0.30866098054845764,3640.169776583816,-2.605578276918133
a_subj73_m_vato_148,subj73,a,277.4948659677937,-2.286559135616118,745.99596450466,-1.6190955866293086,1125.306544985316,-2.0387556026629476,1527.7206728988565,-2.5615438370963455
a_subj12_f_saque_53,subj12,a,901.26469981228,-0.7063653397347047,1916.2939219405905,2.2293161029814024,2522.5404657636486,-2.5304415568132104,4116.648771162405,0.9559113488544247
o_subj66_m_bota_114,subj66,o,724.0811433006406,3.0287263954584516,2792.4496269927786,2.559805333362022,3485.104566155687,2.3698332650880407,5170.728256321989,2.599079478191538
u_subj79_m_cuco_284,subj79,u,145.33149613764346,-2.872180655399872,475.9319160046237,-1.6034524073868603,873.1685240599927,-2.1347654762944663,1577.8988361339173,-2.085348151168024
a_subj7_f_saco_238,subj7,a,441.4747123735243,-3.55850752140794,903.1604922477766,-3.2462944926234476,1165.851616779235,-3.019571876087087,1692.2822255320166,-3.037357619180139
a_subj78_m_saco_184,subj78,a,436.6156578366274,-3.023784742064099,1455.3280744464969,0.8742998733498378,2687.919728554938,0.8114856781144714,4046.05207714869,0.8587183788853661
u_subj6_f_cura_186,subj6,u,280.2528420023402,-2.819588167645903,489.0059222640296,-2.323680783076534,969.6628599400468,-3.701873144909302,1588.7619312752477,-3.3500986145290055
a_subj78_m_bate_138,subj78,a,688.3782993187137,0.6318620511029054,1425.2673119117353,0.3148954136528088,2877.0618151302874,2.5591482372482464,4418.052635485863,1.7861260075732748
o_subj47_f_toque_158,subj47,o,456.5657620260394,-1.0670582057369646,778.6872643385162,-2.641462860692817,1174.5786348124475,-3.619557247026021,2193.076522379218,-3.6998444252614733
i_subj74_m_quito_94,subj74,i,280.6293402245858,0.688432233604761,1331.8064874634492,-3.0779888173443766,2401.70318826406,-1.6615254173504295,2593.696349715594,-2.565259222393466
u_subj26_f_cuco_205,subj26,u,231.51574658090837,-2.5539054444707383,445.8777218602816,-1.883520111823884,1007.2882679300182,-2.2494799651305115,1739.7236453114183,-2.191073522379999
i_subj76_m_quito_136,subj76,i,259.1834299249198,-0.9692634480536643,2606.739078225969,3.0224761812596754,3454.702490161492,2.2672790324860204,3604.715171519745,0.42776690375484483
o_subj9_m_bota_126,subj9,o,814.7785446984458,2.885401778446947,2717.9747252942243,2.558012447148638,3331.760584002869,2.1860545363646278,4486.729322865999,2.870040414399045
i_subj79_m_quito_281,subj79,i,110.50408661911364,-0.5556556511396155,597.5887243491829,-2.564480589563628,1357.2690751275577,-2.527900490141928,1966.186466747547,-1.9434381394913538
u_subj66_m_supo_100,subj66,u,1319.1088089969744,3.1908508226894603,1280.6427316457591,0.03248249675916993,1559.9005999614683,-1.3733351374065055,1679.05059413579,-1.4140030888622264
a_subj38_f_bate_99,subj38,a,439.4611011063306,-3.3792912745837036,893.1449417190489,-1.2947515910351857,1060.8072490317018,-2.1168744533156056,1623.8090081405942,-2.189833252615015
a_subj41_f_vara_50,subj41,a,905.0835856437884,1.2043594682342251,1471.3197407015064,-0.29126788321862634,2339.9094076955357,-0.6314925353127664,3529.3541674092903,-3.196796399920293
e_subj65_m_seca_51,subj65,e,559.612012612041,0.4903232918432144,1591.473499173365,-0.6634543362938546,1599.425073032663,-3.50957629735675,2290.0518833392284,-2.4682201996138877
u_subj73_m_tusa_75,subj73,u,281.3372796536189,-2.860835625142634,823.1406022482175,-0.2226137947765243,2495.035044242712,0.5561745659749465,3578.051329425449,0.5825181761785834
a_subj55_m_vato_181,subj55,a,712.5952216347496,-0.6036758793183087,1276.7500571921353,-1.9784801705725568,2628.5551603097597,-0.23839897345470867,2926.901697006041,-3.088675711635346
o_subj9_m_bota_287,subj9,o,727.3208817346598,1.9658128620474673,2707.5121276232776,2.5404889442084664,3319.650847744891,2.1448417756042577,4233.574772741768,2.1443018665436657
a_subj75_m_vato_50,subj75,a,838.8567012351714,2.569183882062887,1170.0282177449617,-1.0322266125337354,2695.5680319580897,1.1505595803065587,3798.1470157924296,1.1008341230296093
i_subj47_f_quite_224,subj47,i,254.5156572851575,-0.7012253780005754,498.5686710771783,-2.520812965388899,1256.6605858365967,-2.3674677356179936,1777.5285065302764,-2.8709009346609617
o_subj21_f_coro_192,subj21,o,592.0569730916712,-1.3703538478779926,1033.5739296131514,-0.36493966212665946,2197.9168182811877,-2.268909633507928,2413.839348185967,-3.56237803466593
u_subj37_f_pisa_253,subj37,u,343.55949326070646,-0.4619697077123021,2627.1532285579124,3.4011894084026277,3334.7749415349413,1.2937482665335243,4283.1130473982275,1.0649315335823468
u_subj65_m_buque_387,subj65,u,560.7673173799532,2.1422906663138988,3248.061596283843,2.6060951733665654,3279.712458432207,2.0616296834145085,4873.109467739059,2.25055865361228
i_subj61_m_pisa_151,subj61,i,274.5819048020371,-1.2941621315146232,2525.2471234177087,1.8413446000767082,3247.108912519989,2.9920730378114078,4599.949484459106,3.6088311376285716
u_subj23_f_supe_132,subj23,u,461.408191272821,-0.06121769397771442,1107.213241247622,0.4189484150417125,1242.673587243186,-2.5264747944605697,2761.615452183499,-1.2754448994717287
o_subj14_m_bota_205,subj14,o,502.7069430111293,-0.5356778276264957,840.7796889515988,-0.6640573057456125,3055.6309708977965,3.218723128220251,3377.159012691169,2.7245454265303537
e_subj48_f_seso_210,subj48,e,606.4087573870288,0.8448585498999548,2442.3680769384437,0.3251648173033479,3080.631850904973,-1.3681234544709102,3542.189531258284,-2.8057359610965964
i_subj47_f_quito_247,subj47,i,254.0812276241391,-0.7031147360843133,505.2456576526625,-2.5118122666404776,1157.0063505617552,-2.5137455658531875,2392.8446697728746,-2.088100082440647
a_subj72_m_saque_80,subj72,a,482.0415564381436,-3.17022352993791,843.1365097267358,-2.3412023236963897,1558.8517732551963,-1.92551923215944,2016.8568935428343,-2.7610368512037384
o_subj34_f_bote_305,subj34,o,407.64537560330433,-2.0550559850692567,572.411567604868,-2.4653638573659697,960.625701966275,-3.5599183341555967,1908.24748955928,-3.693038224953079
o_subj50_f_toco_282,subj50,o,368.5031876079988,-3.021418581002632,623.3853994059817,-2.7184080646603963,1154.5942965359286,-3.579837345923789,2176.919151926105,-3.5952524966065713
o_subj23_f_voto_62,subj23,o,490.0067388390952,-1.8787796660334066,925.5311997047148,-2.7893509381879937,3397.0363445908733,1.7477278317302578,4028.9048033878566,0.4986274919155624
e_subj75_m_seco_79,subj75,e,557.9786834951976,-0.07029186007874219,586.0431715829542,-3.6065019982082736,1691.0190442072924,-3.488404173307752,2221.8802398398066,-3.2377560270427503
u_subj25_f_buque_288,subj25,u,444.4142584978324,0.665120168677621,888.2190774157627,-1.0542176585954546,2133.198840459608,-2.504269999803669,2983.079108521023,-1.6618387931437404
a_subj69_m_saque_304,subj69,a,730.2947910728152,-1.4486558648068846,1729.263139272366,2.582572822957028,2662.7491914122843,0.719055861554982,3768.0729654251854,1.0400447510229336
u_subj69_m_buque_301,subj69,u,701.2209103035282,2.5371376038927935,2282.276443612198,2.3299885796171496,3668.294384478661,2.4979002961979555,4001.801433415258,1.7202912465442906
o_subj36_f_cosa_214,subj36,o,581.4554202749268,0.5630658167647472,1237.6520294218824,0.8155815753208583,2801.901401817521,-0.2806610368899879,4417.758992985327,2.53180455837872
u_subj9_m_cuco_224,subj9,u,481.503444454291,1.529422342623204,2561.339055756389,2.22376302277498,3710.770290985584,2.5211508308306354,4054.947327938855,1.5614691165383265
i_subj26_f_viso_139,subj26,i,246.13655426875997,-1.7657213962286875,447.77607746067264,-2.4903092555359287,1184.2544044236183,-2.6556817051927295,2016.6965650034424,-2.437163386769828
a_subj55_m_bate_225,subj55,a,854.6434702537221,3.1812603220654023,1402.693064057176,0.7686826379129693,3249.698295216128,2.3504390017662202,3813.127564688842,0.5969185904756525
u_subj29_m_supo_237,subj29,u,343.4496152239021,0.1134662892820303,1003.752027697802,0.94739744615836,1175.3571136599728,-3.099612424582275,2219.039462196802,-2.5981717832778477
u_subj62_m_buque_141,subj62,u,386.1709989341021,1.2145560849056884,745.6924217185813,-0.9082859951937579,1316.5810705420358,-2.2030748359164267,2086.014244430573,-2.7809651702107603
a_subj47_f_baso_269,subj47,a,464.67193849685566,-2.785464884878405,887.2093902615876,-3.3125636230145927,1424.3373435462013,-3.5998709616645117,2155.648919817308,-3.360446052605295
i_subj72_m_pica_158,subj72,i,291.462499575516,-0.231872618523661,2476.890281811774,1.042380964598393,3269.8476110424303,0.23920439893804665,4353.5991942223345,2.5658904835762484
a_subj58_m_vato_56,subj58,a,613.0730202535334,-0.9006678243912477,1228.2751374311458,-0.5043805349087593,2555.309205754522,0.08692256527301077,3058.0088991541884,-3.1935473475202976
i_subj25_f_pica_282,subj25,i,242.54114117185108,-2.372889032138289,481.8014763804558,-2.563437046514086,1022.5170207412956,-2.583645557821464,1820.20251748498,-2.5700274279434963
e_subj77_m_seco_59,subj77,e,540.5322078337302,1.8711808508295886,1696.526870610632,-2.692692498526285,2526.829688234957,-0.5513978260406159,3457.003587235165,-1.0895945365742012
o_subj4_f_coro_63,subj4,o,454.3477451599183,-2.546575945221318,748.8633138928942,-2.1411526522310487,1129.5200660093285,-3.6225019121435817,1677.4683765423586,-3.6971470576821384
u_subj77_m_cuco_253,subj77,u,314.86622418529475,-0.6894844785215536,682.8000387326676,-1.0641630890775156,1473.373948501299,-3.020855963963689,2576.458250428197,-2.5277317437188978
o_subj30_f_toca_80,subj30,o,499.5503387183351,0.5900917363591867,1177.5186556717083,2.542635955923821,2696.390482136922,-0.6545470026211138,3699.4365284103287,-0.9528689008232556
u_subj32_f_tusa_61,subj32,u,357.73874163495145,-0.6373504246619819,1558.6479531233251,2.6961917126927295,2727.4562044894597,0.329378103832279,3842.784175153571,0.2991312297099616
a_subj63_m_saque_350,subj63,a,631.2383787560736,-2.682234232579915,1371.4095342838082,1.4759804090289144,2592.486756385958,0.5604469323009901,3514.50070318077,-0.36437649778611203
e_subj1_m_seque_265,subj1,e,544.2118635700839,0.8702526702482458,1757.0888725412897,-1.3417643927381853,3194.15660084058,2.6231222248123554,4032.545105212008,0.6224113517463473
a_subj67_m_saca_248,subj67,a,674.4648166500375,-0.5532956995458006,1428.0228477371666,0.9027665543325081,2353.247484553259,-2.4598100865135146,4257.119757902335,2.6985270209062038
e_subj29_m_vete_110,subj29,e,463.5408750272596,-1.1632743485867891,511.1193091853524,-2.600720152611292,1407.43315034001,-2.411481630990892,1765.4785856608698,-2.483747203997886
e_subj19_f_seque_197,subj19,e,530.5570931408698,-1.9279833662343686,601.0233243536512,-3.611494932276987,1365.691453638316,-3.677471610575486,2080.224592633917,-2.8188893840186835
o_subj67_m_toca_296,subj67,o,559.4405448636302,2.5599537470980094,1264.2953981970554,2.6339028191916825,2427.4427342095546,-1.6375421154644632,3418.420130026262,0.44573965760296747
i_subj16_f_pica_176,subj16,i,331.91002275698565,3.1610097364223813,2622.7595136778,3.744316332304154,3268.268918814932,3.692307191467015,4042.757271982523,3.5792679557177065
o_subj70_m_voto_326,subj70,o,863.8691288593603,2.578549476391366,2483.0077672695948,1.9547566741754705,3525.2250227059817,1.423508344822743,4640.4201875971585,2.169066536080012
a_subj49_f_bate_145,subj49,a,369.2078974959356,-2.1756580641583962,960.568080253171,-2.1716633333589677,1659.249181910479,-2.627864767528671,1965.8628047157456,-2.4697662885348075
i_subj79_m_quita_271,subj79,i,2630.129877916363,2.5803388040259128,2509.198896634038,0.3805673499250192,2459.421131711993,-0.6150767455028683,2462.2155560585556,-1.3080532294394616
e_subj72_m_vete_208,subj72,e,397.253449811354,-2.822087883107619,2014.7455030599976,0.18015048030963424,3038.370259606133,1.0948944303906725,3655.8482029977986,0.21324363619158232
e_subj64_m_vete_108,subj64,e,415.69756743966303,-2.6941215500787083,1848.320552388021,0.27857052126686477,2437.4623311219934,-0.6191179216369621,3302.8353997974837,-0.37637582518444296
e_subj35_f_seso_229,subj35,e,435.6926502833282,-2.2084932999263622,726.3144469702384,-3.6499810542904765,1898.9090553477165,-3.262246952677537,2293.1391657188833,-3.0169047125202875
u_subj31_m_buque_310,subj31,u,281.8034870782452,-1.0133818417346074,776.1193210723245,-1.3383012788420088,1889.7552770356044,-3.278542610712944,2534.9702708648792,-3.1513535624038522
i_subj12_f_quita_235,subj12,i,214.24593394267973,-1.371242927715993,442.7079490062641,-3.130990223840633,1249.90291405503,-3.4777217289392004,1840.7343852039935,-3.442968002053368
o_subj11_m_voto_209,subj11,o,537.2752384350338,2.8769098474120267,882.5396011759912,-0.30927779038713155,2644.272245085114,1.049556506899972,3082.8038582243244,0.5771645588817137
e_subj51_f_beta_251,subj51,e,453.0498105809946,-2.6086047571652875,676.3314164243238,-1.99043643001794,1588.5576894839362,-2.4794426104799503,2113.509556577933,-2.0755588297618455
i_subj35_f_quite_49,subj35,i,420.4694395198664,2.0488820703050505,2975.590035121941,2.5798860369702594,3409.185007844758,1.5725794420720487,4073.8499194657174,0.5964393667406689
i_subj44_f_pico_217,subj44,i,248.453840396412,-2.113352000171206,438.6046444862485,-2.5638940977546225,1719.6137566520028,-1.8902999273299328,2785.3157702025237,-1.4638191039168709
a_subj66_m_saco_48,subj66,a,560.3706946378162,-2.6128030257172923,1061.4777658759965,-1.743008677286577,1797.920704002788,-2.410774990542607,3704.276409007894,1.2142815506538156
u_subj80_m_supe_159,subj80,u,450.429433038088,2.6608734591746397,2171.096894803354,3.2075581662836306,3733.015286836916,3.6171752449979597,4883.092785747589,3.3790056439909937
u_subj32_f_supo_341,subj32,u,318.80236799782534,-1.3792195223390655,687.7808482830267,-1.123799801873928,1120.395723846714,-2.6111399440862724,1778.4496745365057,-2.5424717734516773
i_subj15_m_pite_40,subj15,i,325.66900193170926,0.5415720027194281,2087.8419030167097,-3.3444949633163743,2331.52775052804,-2.6127501828710207,2942.0857898475833,-3.4931683921138164
o_subj33_f_toco_225,subj33,o,427.0999309064654,-1.4032520881789767,1181.6432903590876,0.8227554881084531,2327.862822321729,-2.426935257058264,2983.591367133825,-3.5743650511040634
e_subj40_f_seco_246,subj40,e,558.9700837337504,-0.9566561140027052,690.2751591794723,-2.724602649405999,1730.553873533548,-2.5597100921026454,1998.4441672186424,-2.4405838775506052
i_subj5_f_viso_121,subj5,i,386.1381145962496,0.46682593836907266,1549.800594771874,-2.915769432797837,1992.8702814215264,-3.0826791730623744,2597.3578503895446,-3.3452302598766557
o_subj76_m_bote_132,subj76,o,436.9375137933858,-2.6574932603695505,854.6698759886835,-1.3697661160116321,2334.771867378303,-0.10636703607630867,3508.984685266707,0.36461534870058826
i_subj28_f_pica_254,subj28,i,226.63289612361075,-1.4815270843852983,404.3329784527991,-2.9984586885889692,1163.4820295443856,-3.4680778701547887,1801.1308079454898,-3.1354933976199417
a_subj80_m_bate_366,subj80,a,337.8954975010771,-3.040230617616861,735.6241756569466,-3.137122950577195,1372.6536125656771,-3.2510285602201043,1968.425468778406,-3.377755086521895
a_subj53_m_saco_198,subj53,a,743.4311140019374,-0.6698352875988917,1334.5832652930071,0.1783504733547362,2963.600180754954,2.7926192889206614,3879.4126362497655,1.540532685312005
u_subj58_m_puso_151,subj58,u,674.1712643126878,0.6376946737902749,2497.896117717019,3.0040928200009156,3534.6127597801537,2.66435724271642,5117.524555087085,2.656471135419284
i_subj79_m_pite_102,subj79,i,277.00457742248017,-0.3484246338412626,637.4498937743189,-2.5030700276284032,1662.8223690874688,-1.9976019778382217,2364.2092169026364,-1.4335937477900997
e_subj31_m_seque_186,subj31,e,403.8629107305748,-2.672165360539215,1916.218102789055,0.5721655949552893,2659.713612942162,-0.6043151580298888,3451.248391348821,-0.4740863624573207
o_subj20_m_bota_131,subj20,o,503.70659922373574,0.28733270488142804,887.2024956409879,-0.5233479689523086,1364.5189716739728,-2.7919295636802905,2567.8504996162073,-1.6497207039266206
e_subj16_f_seque_183,subj16,e,544.2990329373839,0.325923521208466,2075.0690758199153,1.9326162454399696,2726.717562611353,2.6888509515036767,3603.3592153085833,2.1326266315416675
o_subj24_m_bota_178,subj24,o,522.2199119736007,2.0945721182093373,896.9974544938888,-0.5032553284192763,2635.6372688018314,1.5548350551814645,3682.592118591464,2.947129426279652
a_subj3_m_bate_225,subj3,a,748.5981863019798,0.05972779635274069,1461.243687758153,0.27710824204655243,2596.7338953600356,-0.5095953375020568,4189.645291248733,2.708128541412529
u_subj50_f_puso_285,subj50,u,218.08401286220607,-3.223699887541192,426.862288534094,-1.5856329330892076,1205.3511507373162,-2.2171032909048094,1710.2377029948464,-1.8784871773200682
i_subj72_m_viso_193,subj72,i,266.6307289645491,-1.119582740684276,2302.529931066392,-1.0999188482636324,2439.9194658248807,-3.27416926271996,3731.8807385073264,-0.11326360523417395
a_subj11_m_bate_113,subj11,a,548.2812655928967,-2.6335442286589754,753.0981806529426,-2.95501617543205,1298.9901080418997,-3.7196966384503227,1807.947181245248,-3.5336135980263106
o_subj70_m_bote_333,subj70,o,714.1801524418793,1.6695717057014556,2825.110005165277,2.4808798096017415,4267.6667505135065,2.732192100555396,4614.25865673647,2.126688228504198
i_subj24_m_quite_71,subj24,i,251.35806567237375,-1.8850843065310063,2164.08200084054,-1.963549656133907,2614.7064545895646,-2.83189086827142,3576.625386297047,-0.7025007596615356
o_subj58_m_bote_104,subj58,o,406.4167745827363,-0.7559108415025108,875.3075407750073,-0.603833483385312,1647.424819976128,-3.399430316505242,2564.203936937643,-3.296242599654002
a_subj49_f_saco_114,subj49,a,467.1272423469381,-1.6725544960773449,955.92879073166,-2.1878438436927796,1761.4649000806462,-2.4066626789892203,1887.1364087300865,-2.5930628748560074
i_subj42_f_quite_76,subj42,i,98.8050745005537,-2.5591945194581798,944.6352364306388,-1.1887933993759923,1920.3756104102883,-1.0565773175270268,2742.1901161852156,-1.0140732704886124
u_subj10_f_cuco_41,subj10,u,247.83361617526123,-3.5500036625967053,429.49351788508784,-2.433553575865342,924.7936197215796,-3.057574172637661,1722.466839345928,-2.8687527215157127
e_subj29_m_seco_119,subj29,e,459.2864041776079,-1.23644046729902,623.3398120068877,-2.348811322169712,1312.5557408892223,-2.6595335824598414,1774.3333599023715,-2.470355046651288
o_subj79_m_toco_273,subj79,o,407.5688753906856,-2.717133935985374,968.9815374747782,1.058626989402776,2787.1381498457636,0.49342177217269434,3437.972207892744,0.5981738646650328
o_subj42_f_coro_64,subj42,o,433.8794436018323,-1.492393774551265,694.7341364593776,-2.5574836380592543,1125.2071512035336,-3.546370197677189,1846.9653212284245,-3.684735674449875
u_subj17_f_buque_176,subj17,u,266.18766250418753,-2.17480343851662,492.32747363658865,-1.987484462398127,924.8380181240616,-2.6103710394993618,1671.1801352287878,-2.1991046950970206
i_subj6_f_viso_224,subj6,i,258.4008356139513,-1.8471394759280897,475.8288852710866,-3.6936819045440634,1338.544890499272,-3.4277019947859046,2024.2678255266744,-3.7012400973331268
u_subj11_m_cuco_294,subj11,u,543.7627751511968,3.301549268577161,2536.0236184924097,3.628473953446704,3306.14888986157,3.3540489171523737,4754.615366441954,3.3732100785704433
e_subj34_f_seco_344,subj34,e,788.9945472562805,2.6509864287510223,2044.1214722384136,-1.0391394476635458,2885.4374820761595,0.12596053764891446,4657.505720263052,0.8632029074036088
i_subj79_m_quite_255,subj79,i,2589.938931549117,2.5303160643830362,2716.550464403086,0.7000154865072192,2826.0523647302493,0.021224683010494506,2835.719250771408,-0.8296163462340552
e_subj32_f_seca_116,subj32,e,483.2282834802714,-1.5558035864366366,717.8350986365627,-3.543113683316237,1662.313943689065,-3.6092811326409264,2136.6189109029388,-3.179004703584363
e_subj80_m_seca_190,subj80,e,546.6030967733259,-0.14989079978065925,1880.295823146545,0.32470917346980677,2944.1932948881868,2.910932671958072,3844.684786455638,0.5030448288867473
i_subj26_f_pisa_258,subj26,i,226.541080284213,-2.1941146577660366,432.87507516465433,-2.5099489299444704,1395.8575696362211,-2.3358991341118944,1984.819088721028,-2.4821013399649376
o_subj64_m_voto_246,subj64,o,686.6456922380379,3.547011385543431,2782.028173953752,3.717439372813358,3129.1707541327537,3.116389512408109,4086.92111411816,3.6923457224766443
u_subj27_f_supo_179,subj27,u,252.19173661321196,-3.1063686644678885,440.1121487369346,-2.9582328557638067,1017.2435312643076,-2.4120940991701905,1565.9972814286837,-2.404090077563321
u_subj67_m_puso_86,subj67,u,422.4783326614416,2.8446808146257676,1213.3897442055377,0.31753878398128316,2591.2442556550905,1.9164426227790747,3387.1183549427865,-1.714040789116742
u_subj57_m_puso_140,subj57,u,303.04973125393593,-2.5150394453818246,763.1144124506022,-1.017750729087859,1483.8384853420137,-1.4164357225559088,2167.1131304155388,-1.1481647108576158
a_subj75_m_saca_273,subj75,a,793.9239001145007,1.0711518410112382,1454.0177648494007,2.874361525429122,2525.408902157386,0.3013689402372115,3494.720064220506,0.35386410623657666
a_subj74_m_saco_208,subj74,a,655.8435145156994,-1.5165569978963076,1313.3701349369603,0.0875809502831708,2092.3022349592184,-2.1869272036540046,2979.353090537347,-2.5458992656543944
e_subj13_f_seca_251,subj13,e,605.7974077813119,0.8909170503530285,1919.4062071737417,-0.8905242790078007,2736.190205101253,-2.3145635940598246,3796.0054096729946,-2.5228857797503754
u_subj46_f_supo_109,subj46,u,441.7493505553128,0.2992936080263456,978.6030329148296,0.004963390443498852,1986.946426373005,-3.478062946139412,2813.657752325391,-3.501385807365565
u_subj56_m_buque_155,subj56,u,493.1707470029114,3.391373496747322,2770.888775824003,3.6340819461780183,3482.115105289889,3.141670318731783,5191.322555949481,3.4044215574666508
o_subj66_m_bote_192,subj66,o,601.2501078634726,1.5723292270355445,2766.303519664645,2.5192301627374127,3394.66706988954,2.147670751194765,4876.787890364864,2.1974461614441343
e_subj71_m_veto_378,subj71,e,542.414339832186,2.6781501015116467,1627.7759748668043,-2.32656883764693,2719.3954803749352,2.260307175290029,3641.799831167325,0.07018496777783352
i_subj9_m_quita_357,subj9,i,340.34579018673094,2.6770149297612087,1655.739818451486,-3.6791640194058712,2421.8961603570842,-2.1393967722433107,3153.297440207043,-3.319698515322946
a_subj41_f_beta_125,subj41,a,634.7319687907152,-3.4883942617749653,1852.6186764584545,2.7342104232605893,2885.91353850124,2.867446436502079,3951.5519671104894,-0.4800925958926142
i_subj20_m_quita_271,subj20,i,324.263925861966,1.0106947595427938,1738.09352344094,-3.3636450839161687,2165.3431229196194,-2.9455899571526465,2840.6708759399808,-2.6201254233639024
o_subj54_m_bota_393,subj54,o,868.3825985541317,3.584187183633955,2705.244647801088,3.685816756803494,3590.638751264082,3.131251951985744,4214.318001252129,3.5055635106705076
a_subj40_f_bate_160,subj40,a,731.3468100686215,-1.9349089459882525,1475.2778751064643,0.4906682108482921,1529.7045253156623,-2.6914613439499875,3058.379278947424,-2.7157814738509933
e_subj46_f_seca_143,subj46,e,427.26131733681746,-2.5355122388733577,661.0134779607655,-1.9702932865287932,1277.026914934008,-2.120940552659093,1907.7575897572751,-1.8631889119596865
a_subj54_m_saque_182,subj54,a,742.2387772300646,-2.175048203772978,997.2138434134748,-2.650358988497008,1551.668811996833,-3.665456947444826,2521.454062795508,-3.610216555563389
u_subj58_m_buque_117,subj58,u,1723.05677938359,3.498889848067152,1692.7014479987713,1.2521181333336733,1693.7144219461884,-0.9898129587584623,1720.2849587276708,-1.7922194390362773
u_subj19_f_buque_52,subj19,u,385.4073630596368,-1.1560842668994034,966.3471933208382,-0.4710822621681554,2051.657455909602,-3.2852959454185484,2642.090808183734,-3.4250936893264265
o_subj44_f_cosa_225,subj44,o,462.76368940678384,-1.451186601719274,779.9066139409169,-1.3363067754855338,1118.2395181887691,-2.597256542474821,1799.570024215739,-3.249675131527855
o_subj32_f_coro_259,subj32,o,449.2884887328547,-1.763144030984968,719.973542624205,-2.554928997797113,1202.034014866434,-3.634788816144651,1754.3587330149394,-3.4917977740743202
o_subj5_f_bote_93,subj5,o,567.3515063793477,2.073507445785412,1000.3498698709936,0.26919491032509346,2476.521029486722,-2.7172674760269024,3161.928130078963,-3.052369187273396
o_subj1_m_toca_252,subj1,o,485.96255615847184,0.08548023312777894,1110.671417844463,1.43883835794489,2604.171396829567,-0.5351070485458982,4174.553609865933,2.978784731046377
i_subj71_m_quita_337,subj71,i,277.6801693846416,-0.8178487808756296,518.2520643350477,-3.711742173442155,1377.1034493421228,-3.551572309638319,2117.9027012619144,-3.6282012578990765
u_subj4_f_supe_322,subj4,u,282.5384365778576,-3.447112383306448,474.0928514161277,-2.2892322121927267,1149.9954409060526,-2.9435261417054246,1505.9830642905013,-2.742153705664115
o_subj7_f_toque_66,subj7,o,497.9465760174082,-0.3407041525325641,925.8682267995968,-0.2277721094046155,2626.963167955703,-2.0966053658976316,3091.8044284527596,-2.9650483377717443
o_subj28_f_bota_204,subj28,o,919.1447067201289,3.1094701191538485,2961.861231774142,3.550723444207625,4620.531392961461,2.8636124466093675,5046.46631294359,2.157634403603612
e_subj77_m_peca_179,subj77,e,474.5914358561875,-0.22166573904838327,1923.8158760852737,0.002221511435408159,2407.7271571233064,-2.5674830486768663,3261.39261463562,-1.9428711711585587
o_subj57_m_toca_225,subj57,o,658.3189274870109,3.5851962182203443,2362.8218589317567,3.701096533744577,3536.485004620133,3.427756399836959,4065.8620486431305,3.2100120544400474
i_subj70_m_pica_145,subj70,i,263.178528532758,0.31872559501834624,635.2352715234641,-2.631441860602271,1455.856237097189,-2.565348640539137,2161.919269902458,-1.9955297475295541
u_subj40_f_tusa_203,subj40,u,428.12296304623294,-0.23496564573123763,859.8454671403746,-0.25330531200717915,2034.4098522212307,-1.898563861641817,2556.3847481381026,-3.45420803810865
u_subj20_m_cuco_192,subj20,u,361.0232697486665,1.0094472957925753,641.8932688707057,-1.6603108212839528,1829.2417804489503,-3.0753752309243194,2294.8244826925993,-1.8647476489279546
o_subj51_f_coro_267,subj51,o,527.1917949283493,-0.46419217663228013,982.2059131603112,-0.5812106994475081,2682.9419700076123,-2.911724631424313,3589.179313276383,-0.8426373648299303
i_subj76_m_quito_367,subj76,i,234.32564319560015,-2.7454716305188893,2282.6829679217626,0.1645459417939801,3334.1854299184974,1.649672264211981,3670.3195016655022,1.6370992536751046
a_subj46_f_bate_87,subj46,a,633.7864981667022,-3.2204206279339553,853.6975896280662,-3.2630576773290016,1471.7604852006605,-2.525138599462078,2011.538757131147,-2.444507284013723
a_subj15_m_saco_129,subj15,a,428.19410827579645,-3.539177083606952,810.9477935447738,-3.54964533471768,1324.602258302657,-3.6679787499374306,1540.674063853526,-3.655402591319787
i_subj60_m_pisa_107,subj60,i,276.3680609562984,-0.5821029843274336,2041.2457477120124,-1.64102481377826,3197.66397395833,2.003895421025395,4065.2676240507726,3.3233368145105504
a_subj39_f_seco_70,subj39,a,490.3309350607571,-3.01813734875663,757.6556024757479,-2.5967427806218057,1379.4128910392851,-1.8262897092900572,1962.0311700800405,-2.2920822424639775
i_subj39_f_quite_196,subj39,i,273.45856568165067,-2.397776234229272,553.2692960212905,-2.5595110238399834,1143.6010696148717,-2.5649421158566814,1990.0186302466016,-2.4620013489503987
i_subj7_f_pica_283,subj7,i,441.3420798509273,2.8131788797642265,2774.5421169221677,1.4864893156721575,3466.32837957234,1.4284511530435298,4356.107468802767,1.3310994017552817
o_subj23_f_cosa_48,subj23,o,517.1155800754473,-1.0824574152661668,1089.6827991754287,-0.10092169120374794,3020.4517182643694,-0.872362980339689,4386.25403220236,3.1207756328643934
a_subj42_f_bate_306,subj42,a,391.0773571449934,-2.5252844222331836,878.5638845552237,-2.187510355242745,1378.843866484651,-2.765566803887345,2007.776453010977,-2.873496747237392
e_subj17_f_veto_239,subj17,e,634.0029042822076,0.23246052272852047,827.6207111460245,-2.0764173494139255,1560.7736182637968,-2.677048092579114,1927.6000851131423,-2.506090522689193
i_subj49_f_quita_152,subj49,i,238.61233081730867,-1.7807244900226402,524.7990014033406,-2.5023695729760838,1778.4295829808252,-2.3631205819297776,2495.648214053453,-2.6193673995329063
i_subj53_m_quite_53,subj53,i,256.28693056588196,-0.6064265888025019,2553.175108040953,1.0885382703351525,3651.5062460063286,2.885079771944271,4100.635201644542,0.8400343583637762
e_subj59_m_bota_101,subj59,e,490.6493448313463,-0.946839630526151,983.559442781862,-3.6270693319791936,2398.9549811434517,-1.5425567699127076,3063.6682717008543,-2.6972500327878057
i_subj10_f_quito_128,subj10,i,2838.0171152231496,2.906486442543077,2843.634451156012,0.33610821624632115,2647.0805624562245,-1.1265762121000904,2498.590986905142,-1.833650002838063
o_subj62_m_toque_259,subj62,o,449.91418299940966,-0.5462160824662693,1301.5102183183344,2.566738868954058,2372.293051301623,-1.4586316384963587,3130.561446843364,-1.8607126477779443
o_subj8_f_cosa_253,subj8,o,412.0955128696115,-1.580641956887196,786.4360930900418,-1.346886129354597,1031.1755676131982,-2.5292457948233533,2305.8435868361566,-2.99542986276484
i_subj68_m_quite_274,subj68,i,292.0310429647802,-1.4489038892089616,770.7404922172349,-3.480745183755398,1501.05887589765,-3.4495602781318384,2343.528052880531,-3.1460028271854212
i_subj44_f_quite_197,subj44,i,237.36626882453336,-2.3207572434355197,450.37269801327176,-2.5485740155453915,1048.0264981739426,-2.8149707627385956,1933.5760616086775,-2.8030282852998356
e_subj24_m_vete_99,subj24,e,433.02410614996666,-2.9350081997056914,529.0972898105122,-3.6847639957948,1591.1571913879804,-3.6290031091684227,1737.450733705901,-3.6292047043902453
u_subj7_f_cuco_95,subj7,u,291.30222551113883,1.3674814246182738,716.9496285030008,3.0477421541193124,1878.81439641473,3.1851447551676437,2685.675646370869,3.4159971861026404
u_subj59_m_cura_125,subj59,u,359.58201597799587,1.6871393657935396,2242.285245854083,3.401991351585811,3472.93460015964,2.7966857322154985,4333.962610486758,2.2400409460855286
e_subj12_f_seco_143,subj12,e,721.3382685874022,2.8683460737779347,2153.7244437468858,-0.2179335204932047,3471.1143440568176,2.9177858087758874,4146.232154975259,-0.09623280655938463
i_subj4_f_viso_52,subj4,i,291.6446295143809,-3.4254184536377266,572.8480802779969,-3.308730482849015,1594.3381118406437,-3.419177633359367,2592.0999953287223,-3.0562926244876865
u_subj24_m_cuco_123,subj24,u,509.7082628269922,2.725288940330623,2378.7048315363677,2.380117776395214,3221.148266437862,1.3534674770095008,4134.439506523105,1.930299358471687
a_subj34_f_vara_241,subj34,a,650.8299606453562,-2.978816454584354,954.149443540576,-2.6019738594429267,1488.1546332218252,-3.658692596164367,2771.206136229789,-2.359215889763705
u_subj76_m_supo_127,subj76,u,297.94382246519723,-1.0236626625251763,1396.5538557733792,2.090083865330753,3589.7124740619365,3.5697751813468366,3741.260530493222,2.384755231202264
o_subj43_f_bota_40,subj43,o,229.30834044896903,-3.3099725065224095,1191.1745304692831,0.023628680286597196,2721.0404051710984,-2.2000402744618737,3829.678245748327,-1.3007638400267598
o_subj7_f_toca_193,subj7,o,500.6711129709698,-0.11714130976938719,940.9847879520568,0.03352260053734483,2528.646307316652,-2.5109096502838026,3336.237261868994,-1.7250865852761668
e_subj27_f_peca_259,subj27,e,447.7553210062966,-2.6276858463989514,586.3846531722567,-3.4787872780052287,1779.9367575421638,-2.8116019906977656,2467.0647541304243,-2.1821960407434084
i_subj45_f_pico_26,subj45,i,295.5721462387465,-0.6940584217234403,415.2993021844851,-2.504781190654149,1577.5534691499463,-2.3175147767078554,2447.4581928321254,-2.4038960681062336
a_subj68_m_baso_94,subj68,a,744.0211985621246,-0.6403231291313369,1228.3313010934637,-1.4111920250276804,1464.57197000395,-2.547114212571022,2536.1570998740262,-2.3127577719596832
i_subj56_m_quite_181,subj56,i,3568.2029217040617,3.7493071270800855,3604.456421994512,3.676816349286832,3385.991460047995,2.2802949475698098,3208.0652202141487,-1.7216509420940382
i_subj65_m_pite_453,subj65,i,165.8425501827587,-2.5487993477546502,2207.374732066287,0.7235751041529964,2641.6989747189455,0.8894523807189632,3579.6731732021058,0.9950330843808879
u_subj28_f_cura_88,subj28,u,237.69943890340156,-1.5661373404057854,425.90265440010006,-1.7904582638190563,887.1898285693238,-2.5416890855847214,1704.1943722308304,-1.9847547421430423
e_subj71_m_vete_311,subj71,e,481.00399956425576,-1.1038697199203296,1769.0835094419713,-0.2962383910088318,2571.556367569093,0.11357970926974024,3361.519939642486,-2.7443945325450088
u_subj3_m_tusa_144,subj3,u,377.1475728868245,0.855451290494826,1168.440849571312,2.7278151901309466,2629.079583714769,0.15201036416393032,3304.5774462884824,-0.9537171052091838
e_subj69_m_seque_277,subj69,e,458.7983035986696,-1.6338322634707982,1934.3394813640243,0.5819845215848998,2589.468585426705,-1.1923265882969927,3456.2766404728677,-2.5497458487083002
e_subj25_f_seco_97,subj25,e,651.5000686905628,-0.21997057003576717,2064.7672729714823,-0.2900964714974987,2758.5645418014037,-2.5975057126557974,4547.004539152735,0.6444595452275506
e_subj2_f_seso_185,subj2,e,365.31458215948817,-2.176200200744919,672.9396749099484,-2.482841244466182,1559.557446699126,-2.6494441192822906,2023.290097834715,-2.550249883143436
a_subj6_f_vara_43,subj6,a,522.2527872461536,-3.5946719465625683,906.143268880298,-3.679383443437089,1373.9649056549722,-3.6900552150661134,1754.268413665015,-3.6822097113514825
o_subj41_f_coro_158,subj41,o,421.0699859190252,-2.7195966667644824,668.539063209515,-3.328646677048111,1033.0021856096375,-3.6182249190693607,1369.85643008437,-3.6371373255865773
i_subj29_m_pica_96,subj29,i,312.2937846159357,0.1402574802168773,433.6938268723913,-3.392031875015581,1657.387203132424,-2.736080706267777,2317.5725071782645,-2.6470041898448335
i_subj57_m_quito_97,subj57,i,114.1755601282418,-3.230916126064929,701.825034820637,-2.401030608979923,1418.7962317032857,-2.636004163322045,2062.7379488418396,-2.2304856970133504
a_subj62_m_vato_145,subj62,a,517.1731196208428,-2.925659727951423,850.5116870386495,-1.6525358475981966,1604.3965505746755,-1.7510731159120918,2310.9978225316054,-2.0217269199572248
a_subj31_m_saque_285,subj31,a,500.68767040008055,-2.4165544780844512,1414.1064400839932,2.8207472315311457,2705.8984605157702,1.1197757311106113,3363.053439186233,-0.6396723338305281
a_subj61_m_bata_302,subj61,a,681.4876403321626,1.0457194005389592,1433.6345417727623,3.0546634003973403,2524.9396949135944,0.5208464106200001,3800.4784204389935,2.101423471584264
o_subj26_f_cosa_232,subj26,o,438.9894940869156,-0.7761177967668,1318.9198708423394,1.7540677273603085,3188.471623718836,0.3887380167705362,4203.8828082541695,2.6354291864577637
i_subj43_f_pica_113,subj43,i,310.11957272884086,3.030939282731788,2857.9769113071375,3.748568167134795,3474.2244751971807,3.606891504485202,4651.145645820496,3.454728778948023
a_subj19_f_saco_258,subj19,a,733.7222152346742,-2.5132614822804467,1613.6644758464774,0.7959050459750221,2702.924822018779,1.009404587990345,3888.058024415228,-0.6406291580110751
e_subj73_m_vete_189,subj73,e,322.45935094234636,-2.325369377579766,497.1358291527152,-3.2909156897742116,1964.2733081757665,-2.8861511829518527,2204.231790055245,-3.264642744422813
e_subj58_m_seque_75,subj58,e,429.8640305397459,-0.6766582994725919,1811.2660652412535,0.18494865471572206,2325.0128901881344,-1.2813113980007091,3275.0825492399217,-2.5514502016653218
o_subj58_m_bote_68,subj58,o,619.0668976590156,3.0587499547477575,1536.611269545448,3.0807905367200563,2443.2669771980786,0.3256931712124026,3316.573315793012,0.4636663009721776
i_subj47_f_quito_37,subj47,i,1258.2771067432122,3.6641874352782646,2408.4474869713176,0.05373824472914505,3254.8364199987263,0.5655619007393248,3811.7846091445153,-0.28293477045511956
i_subj5_f_quite_67,subj5,i,219.3407086096476,-3.129584297139328,1854.0565436804752,-2.083260365223595,2718.750900222939,-1.2946776335429326,3531.2261753582898,-1.1982755281261925
e_subj55_m_seca_147,subj55,e,638.077694383339,2.7331768317389233,1586.676714553499,-0.1464464022537594,2623.0078755712125,0.8676737379639474,3586.7830772002826,-0.22473842280695563
u_subj54_m_cura_326,subj54,u,667.9115570690781,3.657474711637218,2278.8350744401732,3.292036192871088,3777.063934612005,3.5853104153145203,4557.90834245235,3.5627652302796826
u_subj14_m_supo_192,subj14,u,361.7798469353814,0.21882980284127923,3112.5609862510128,2.8271943867375255,3667.658006114089,2.756847809653692,5113.524074735474,3.058436551416335
i_subj80_m_quito_177,subj80,i,206.07386884302255,-1.6208699867225023,369.46431153344105,-2.3578654318278147,1103.2611537719597,-2.530584508502433,1728.6422004776189,-2.475153918435938
e_subj66_m_seque_51,subj66,e,498.01526920776706,0.4924576261297741,808.0454776014144,-3.571747045190247,1695.1561190773812,-2.103986480797359,1900.9394597491228,-2.2027297723829227
o_subj49_f_beta_258,subj49,o,560.0517310035735,0.8375277758515487,2202.063197412529,3.498362762874243,3164.4838303259185,0.3704064060151623,4264.451444504195,1.3984461280319773
i_subj55_m_quito_289,subj55,i,512.3314511354766,2.60736393853631,1811.215380891047,-2.660290224643135,2532.1570452615592,-1.9448036706228131,3571.5908043487066,-1.5263528405934104
i_subj57_m_quite_143,subj57,i,222.25602185415497,-1.037619176474586,550.098329663804,-2.6884102058246486,1581.2312412117344,-2.2697145891700643,2027.6881984827692,-2.3083239038577172
e_subj42_f_vete_291,subj42,e,439.5157721645215,-1.7554079796417812,583.2506635556356,-3.4713229369355316,1690.1847877952073,-3.665790350995074,2077.8696446894323,-3.6877672690460277
o_subj44_f_toco_48,subj44,o,489.502083360934,-0.8327806183090034,593.3062084655757,-2.6941440851305485,1270.7427957962657,-2.3863631945509653,2987.891961276655,-1.2782251274421266
e_subj15_m_vete_189,subj15,e,495.4705167826744,-1.6199428732944674,1932.064395449406,2.0477772417895275,2770.0545092532348,2.7721699074140678,3830.074367736766,0.3087754353310504
a_subj69_m_saque_89,subj69,a,758.4909324125281,-0.1496247208136017,1104.5722240607677,-2.6326166563036955,1552.675069671835,-3.329415717103527,2337.5039722897536,-3.1295872520531747
e_subj72_m_seque_186,subj72,e,498.6757878327804,0.4690563944014365,2018.8976665734135,0.26148580760510415,2469.9845195136,-2.228471632935887,3012.5749691388023,-2.7382113524538396
i_subj52_m_quito_139,subj52,i,178.7131639457501,-3.1495940515205887,595.5502283722535,-2.6989254212288465,1483.2822492669816,-2.339667630360219,2217.5087413246465,-2.2725000436504796
a_subj8_f_bata_119,subj8,a,690.3882821471074,-2.07082510928667,1006.080115966158,-2.767693349908523,1535.611156342267,-3.2517573120961694,2551.805138518415,-3.3400966715811276
a_subj35_f_bate_37,subj35,a,337.44524378942725,-2.7377799006449712,998.696503463186,-1.9961381932155053,1336.4795609543144,-2.7152454253261906,1629.8019392902556,-3.175112198699882
o_subj31_m_veto_352,subj31,o,511.2641396049233,1.3992635128730502,1607.3673870711673,3.7201226063756114,2757.227960006114,0.1325291348451086,3474.035865243032,1.9396189015405954
u_subj22_f_supo_164,subj22,u,385.24668615854966,-0.014800673523534888,1091.0955917481208,0.6935764732933533,2556.521642357745,-3.083877782709682,2798.994244262048,-3.2494982757818014
o_subj33_f_toco_59,subj33,o,536.5801832901147,3.0389296794167002,1157.6320515799223,0.6119918676975616,2555.8885329034347,-1.4183703482964378,4022.754355629316,-0.0630774612875403
a_subj63_m_bata_116,subj63,a,678.0533951695926,-1.0379506088779298,1363.9793023025095,1.323459636367025,2850.898751194389,2.109613628076677,3879.58185031736,2.537589421603757
a_subj81_m_saco_216,subj81,a,368.9687833535688,-3.404323995837294,1253.5065532335616,-0.530187011395098,2418.1688221616414,-1.0596573483710103,3108.9593185065064,-0.3776085338599871
i_subj8_f_quita_256,subj8,i,232.09563870646605,-3.112730510007007,435.604720245338,-3.563778438256395,1231.9125784255682,-3.528109992648467,1800.5017158272904,-3.24873314442489
o_subj69_m_toca_83,subj69,o,568.2828487901169,2.623627408664265,1026.715258116573,0.5441213558425382,2515.25907506897,-0.5796018426678076,3600.9933720777703,1.1576506580492791
i_subj10_f_quite_67,subj10,i,359.3035633665649,-0.38768415592413696,885.7850972709286,-3.566479564463226,1441.0091564908862,-3.203806453079625,1903.997337942457,-2.503734744482532
u_subj24_m_cuco_226,subj24,u,483.6539419860819,2.3405275511260357,2542.790733375754,2.6680300873568568,3335.446008758628,1.5346680449231076,3994.423517184239,1.632081446457848
u_subj50_f_supe_158,subj50,u,344.9669910186669,-0.810481224616119,411.0382586861079,-1.6461755712919592,1020.382396209652,-2.544336376798991,1490.4096326293147,-2.1155081221862675
o_subj35_f_toco_46,subj35,o,397.9281634958812,-2.5668884298068027,674.6241120839819,-2.05691163527713,1263.075336310984,-2.452280972013901,2117.0768167372685,-2.782499987853803
u_subj69_m_buque_131,subj69,u,700.8523431853266,2.534091115269988,2439.2828367507404,2.644167888673531,3671.983769407441,2.506744386942827,4083.269834046068,2.175804949822956
o_subj25_f_toca_253,subj25,o,489.836034646703,-1.800766623965149,792.8319002448947,-1.5957097865894214,1110.315102095948,-2.558368980203902,2111.2945788776196,-2.7761876749761516
i_subj21_f_quito_118,subj21,i,248.7681380220912,-3.3661616634663547,427.7353833701237,-3.6929161404362145,1255.7396541279572,-3.6770801334894436,2007.8853085549624,-3.662182197631061
e_subj37_f_seque_251,subj37,e,360.5380607809146,-2.841320535640571,648.9312800994818,-2.660875923919489,1127.9087930389137,-3.16423999562805,1745.7102257729855,-2.895873174456451
e_subj9_m_seso_333,subj9,e,453.2238647675862,-1.7842001675649177,1804.737496109747,0.8133002418930112,2901.966425383409,2.5101200963732233,3913.279792854564,0.9778652881151747
o_subj53_m_toca_68,subj53,o,518.9062008591725,1.8377860343949999,1158.0129002143717,2.679304531666477,2380.2446694453733,-2.2305041131120453,3587.173959187408,1.3469147189429471
a_subj14_m_vato_86,subj14,a,702.1163811110443,-1.7445727255733439,1047.6987325250632,-2.074080411257026,1219.321833234431,-3.3887724017390184,2323.041462562207,-3.124387976255719
i_subj67_m_quito_299,subj67,i,245.29352132171343,-3.0239803711213913,2240.7010240430523,-0.9670399157016493,2999.7912056189066,-0.22686050895175455,3299.0818886799625,-2.551285488740256
a_subj25_f_baso_107,subj25,a,1048.215368311033,2.0832494773641104,1774.3437037925546,1.2698518561940573,2746.852821250323,0.1221904161059954,3597.946062808988,-2.502767873438456
a_subj21_f_saco_123,subj21,a,728.362656283745,-1.6927283799775292,938.2228052347616,-3.6050141535849884,1437.0627132466736,-3.277538551925321,1988.258720284248,-3.3437460197302333
e_subj63_m_seco_80,subj63,e,584.5490751193893,2.0787848696090347,1664.7547435744357,-1.0235267107384785,2582.1958859995757,-2.632291136214897,3433.875649920717,-0.9528682892698815
e_subj41_f_seco_210,subj41,e,541.3169886639603,-1.3470295179500427,811.9940066446309,-3.4266553343296766,1827.8776936906631,-3.51006686293973,1942.9661175085944,-3.567301980056029
i_subj25_f_pico_235,subj25,i,255.5264855172722,-2.1207247750741467,499.228420777776,-2.541426183009294,1109.7345526927909,-2.4685857651856504,1859.0975238257352,-2.5272565115754504
a_subj24_m_saque_102,subj24,a,652.5784965688762,-2.9869709641126176,1377.4109601059267,1.5562988054833282,2179.6049576817245,-1.2281109594174398,2707.535789870032,-1.4808396623815177
o_subj62_m_bote_206,subj62,o,505.0973612724436,0.17639342428001875,951.3382371205096,-0.469774627616177,2865.0137566370736,1.2984857196690744,3699.6414806734815,2.5728125095624748
e_subj5_f_seca_143,subj5,e,376.6930623850178,-2.782856550602605,607.4600446195136,-3.2529423898962952,1297.398071642858,-3.55493514319998,1807.3036815997905,-3.5436841251198885
u_subj8_f_supo_185,subj8,u,286.32832677260234,-3.205102102460965,448.6200153651614,-2.583045175323807,873.4936816957224,-2.956781698192839,1565.6669141488196,-2.649418343597344
o_subj48_f_toca_124,subj48,o,432.3996761728412,-1.8829254674185898,664.4465038342797,-2.294196994781478,1150.0083337893673,-3.666445518938364,1482.7609560545395,-3.706484115795568
o_subj2_f_cosa_88,subj2,o,324.6109970235876,-3.1517576812106465,621.8066461160433,-2.41326525834359,1098.2437658945903,-3.3858719440232203,1795.7339877076804,-3.591244695993823
e_subj67_m_seso_111,subj67,e,430.6784360349413,-2.2391560881560317,1537.3343657768453,-2.5017030147638057,2758.5318235457353,0.7937499343628439,4155.6699836596345,1.2457138622028563
e_subj80_m_seco_232,subj80,e,2440.9566951322477,3.742697382966077,2413.3041957740415,3.1129410816336454,2388.4019924303457,-0.9473857148112979,2382.897608133065,-3.5991079535028327
o_subj79_m_bote_215,subj79,o,500.72491634213094,0.3906215965574428,915.9942671012508,0.3287879633401944,2128.550198743403,-2.777933247440665,2870.4076558909596,-2.263447219788609
o_subj7_f_toque_244,subj7,o,517.6588631452894,1.276794535423283,1121.554227335807,3.1547244937656336,3208.6364224216713,0.3545481785878865,3725.368319397824,0.24890202051093993
o_subj81_m_bote_160,subj81,o,579.1765512361455,2.949826652958075,2987.535555255312,3.703839899749416,3154.5556942279354,2.7505943279190057,4936.415682246712,3.5735996017756486
a_subj60_m_saque_385,subj60,a,670.3744309934567,-0.7118125857983754,1459.5653837536374,1.7426235042281457,2976.3795181443043,3.2498421165425504,4611.812789420799,2.2887505076272374
u_subj41_f_buque_131,subj41,u,381.1195353653868,-0.9503015238172712,419.7969756149,-2.378141903127204,968.3014159488708,-2.8030272924521142,1725.9079237471342,-2.0946158999625
o_subj6_f_bota_166,subj6,o,402.9112851883603,-3.044643105861858,644.1532861247063,-2.841489186821852,1072.3905340685956,-3.4586089060145615,1547.829668082421,-3.535995882228669
i_subj14_m_quita_279,subj14,i,275.92526247195025,-0.4729465458846744,921.9933595399684,-3.4191080738696633,1985.7792346707208,-2.565531117092205,2278.2706484646565,-3.0793907186921237
e_subj8_f_beta_87,subj8,e,396.6973423536668,-3.119031616391538,594.287984411305,-2.739989595767439,1199.362190413756,-3.3750637677243054,2098.759622809393,-2.930549525728514
u_subj78_m_supo_196,subj78,u,346.3699192152519,0.010469051939569676,776.5759178571236,-0.7625105273181876,1057.0750530389887,-2.911066314389106,2657.995984807682,-2.0504705084125234
a_subj65_m_saca_282,subj65,a,816.6812807985285,1.3146758880515026,1417.1870060386327,2.6927006141751644,2340.697539711159,0.16953444234398407,3410.013074977394,0.7948172014660062
u_subj64_m_buque_316,subj64,u,638.6440882575401,2.7034429961264745,2722.9432253375394,3.0120317914446453,3556.506071720353,2.4215100833373415,3843.205773165492,1.7845009014523603
a_subj70_m_bata_103,subj70,a,149.98770404810162,-2.5121880940362624,734.8696958120516,-1.3897625737229007,1401.8210249197334,-1.6502709702591534,1440.4668249317067,-2.0779612566933903
o_subj49_f_cosa_186,subj49,o,349.3164948849216,-1.8543159953579527,717.38668876222,-1.1372808844115754,1087.0049286184358,-2.7267078813820618,2530.4394496938626,-2.575931821335395
i_subj49_f_pisa_279,subj49,i,231.25235938652384,-1.9608647752940507,455.78319929102753,-2.5907643952544754,1641.9283930240676,-2.6172782994948616,2620.32005364288,-2.388180663757481
a_subj61_m_saco_277,subj61,a,657.5884884607754,0.13291450663196575,1255.9625830503803,0.5021216949974971,2268.479220965654,-2.6328020056817003,3631.805305874585,0.4737050331964658
e_subj40_f_vete_153,subj40,e,519.7559371870012,-2.1064358611744485,860.2255755543919,-2.2677292822720325,1746.244468322113,-2.5222671749352936,2008.7015079659368,-2.425153531682348
o_subj29_m_toca_137,subj29,o,512.3183180828314,0.534445595875127,735.0549241809113,-1.8222948030910568,1104.0904005112886,-2.4763686652587533,2093.698283815382,-3.1734199377511096
e_subj68_m_seca_214,subj68,e,582.6720759427701,0.4343330983033378,1098.9605191496532,-3.174161070821252,1786.0372683350963,-3.2401611641863184,2440.390948839695,-3.3970750532594867
u_subj76_m_cura_358,subj76,u,364.55722324080455,2.507950261663388,972.5175649473848,-0.2481426653110504,2292.5942275716034,-0.29922654591372727,3520.6251087716255,-0.7089311420066691
a_subj5_f_saque_96,subj5,a,402.5707801865071,-3.3852799376114744,906.2163765491496,-3.1949210393862626,1412.206356807358,-3.1380493519631303,1586.73716821929,-3.541291143709431
a_subj19_f_bata_112,subj19,a,837.1526828790427,0.5166461108913704,1514.3240669604384,-0.6620278976349188,2568.8959097205134,-1.1580022974063287,3428.391873014451,-2.5249896225625483
u_subj29_m_cuco_250,subj29,u,325.6267909884398,-0.31790749866580503,708.6741034211333,-2.6166367882951223,2380.863050836713,0.2561969011855492,3523.7748841353573,0.8050628958209433
o_subj19_f_bote_149,subj19,o,456.9531122073245,-2.747500344297517,563.6812726811719,-3.0505333433861246,1095.6802650532854,-3.5263690644668384,1302.6752796268397,-3.4340633603873307
e_subj31_m_peca_398,subj31,e,495.504099596077,-0.21393474178104316,2390.0790986357783,2.670695803587141,3160.921228585215,3.0179316203554047,3371.3237833208655,-1.0743554865739129
