Model,Accuracy,Vowels,dPrime
F3_50,0.9081283362349756,"['o', 'u']",0.007316506518037199
F3_50,0.9081283362349756,"['o', 'e']",0.05571688258908665
F3_50,0.9081283362349756,"['o', 'i']",0.29548412911404837
F3_50,0.9081283362349756,"['o', 'a']",0.2689864537362803
F3_50,0.9081283362349756,"['u', 'e']",0.11017765711292858
F3_50,0.9081283362349756,"['u', 'i']",0.2404403955365419
F3_50,0.9081283362349756,"['u', 'a']",0.38720486268448273
F3_50,0.9081283362349756,"['e', 'i']",0.5764716161813719
F3_50,0.9081283362349756,"['e', 'a']",0.07459729570528026
F3_50,0.9081283362349756,"['i', 'a']",1.0905490208327269
F1_50,0.9075296045924369,"['o', 'u']",0.8874982459929982
F1_50,0.9075296045924369,"['o', 'e']",0.011026612013740434
F1_50,0.9075296045924369,"['o', 'i']",1.747635308090316
F1_50,0.9075296045924369,"['o', 'a']",1.4639483444113384
F1_50,0.9075296045924369,"['u', 'e']",0.8643599243675966
F1_50,0.9075296045924369,"['u', 'i']",0.6252089476473457
F1_50,0.9075296045924369,"['u', 'a']",2.286064924083762
F1_50,0.9075296045924369,"['e', 'i']",1.7550167089285038
F1_50,0.9075296045924369,"['e', 'a']",2.0113247236301537
F1_50,0.9075296045924369,"['i', 'a']",3.1098135894566865
F0,0.9084181083384308,"['o', 'u']",0.009322060511246965
F0,0.9084181083384308,"['o', 'e']",-0.0005496419349668238
F0,0.9084181083384308,"['o', 'i']",0.008361710631731759
F0,0.9084181083384308,"['o', 'a']",0.016130797713566743
F0,0.9084181083384308,"['u', 'e']",0.013714347518031198
F0,0.9084181083384308,"['u', 'i']",-0.0008126647836726001
F0,0.9084181083384308,"['u', 'a']",0.05320658006124939
F0,0.9084181083384308,"['e', 'i']",0.01199936438546747
F0,0.9084181083384308,"['e', 'a']",0.010896274225582326
F0,0.9084181083384308,"['i', 'a']",0.050032870816960874
F4,0.9079504734120697,"['o', 'u']",0.15830124665422277
F4,0.9079504734120697,"['o', 'e']",0.0519935733785328
F4,0.9079504734120697,"['o', 'i']",0.07793978587185289
F4,0.9079504734120697,"['o', 'a']",0.012501504201863745
F4,0.9079504734120697,"['u', 'e']",0.0499793583064162
F4,0.9079504734120697,"['u', 'i']",0.03801755152812099
F4,0.9079504734120697,"['u', 'a']",0.10014529909794814
F4,0.9079504734120697,"['e', 'i']",0.0023352446199465275
F4,0.9079504734120697,"['e', 'a']",0.012432591210657155
F4,0.9079504734120697,"['i', 'a']",0.027997719370621992
F2_50,0.9082884493728792,"['o', 'u']",0.05681087021958367
F2_50,0.9082884493728792,"['o', 'e']",2.0519559844785316
F2_50,0.9082884493728792,"['o', 'i']",1.8549877658121643
F2_50,0.9082884493728792,"['o', 'a']",1.6138350638693395
F2_50,0.9082884493728792,"['u', 'e']",1.4681327698429372
F2_50,0.9082884493728792,"['u', 'i']",1.1645739410947933
F2_50,0.9082884493728792,"['u', 'a']",1.180534508570263
F2_50,0.9082884493728792,"['e', 'i']",1.1692697221013673
F2_50,0.9082884493728792,"['e', 'a']",1.5411535657443154
F2_50,0.9082884493728792,"['i', 'a']",2.813763596119558
Duration,0.9082723988477082,"['o', 'u']",0.006837168017975842
Duration,0.9082723988477082,"['o', 'e']",0.039075705399355516
Duration,0.9082723988477082,"['o', 'i']",0.0999843899487985
Duration,0.9082723988477082,"['o', 'a']",0.08005337349309899
Duration,0.9082723988477082,"['u', 'e']",0.017414504923658772
Duration,0.9082723988477082,"['u', 'i']",0.05036873800226263
Duration,0.9082723988477082,"['u', 'a']",0.13828051596705773
Duration,0.9082723988477082,"['e', 'i']",0.040904824296464776
Duration,0.9082723988477082,"['e', 'a']",0.23551528728288945
Duration,0.9082723988477082,"['i', 'a']",0.35723168256021426
"F3_50,F1_50",0.9076423765233621,"['o', 'u']",0.840791459107679
"F3_50,F1_50",0.9076423765233621,"['o', 'e']",0.01898628733385085
"F3_50,F1_50",0.9076423765233621,"['o', 'i']",1.9907006690779556
"F3_50,F1_50",0.9076423765233621,"['o', 'a']",1.7207204425226916
"F3_50,F1_50",0.9076423765233621,"['u', 'e']",1.0927109634876064
"F3_50,F1_50",0.9076423765233621,"['u', 'i']",1.0409310757752346
"F3_50,F1_50",0.9076423765233621,"['u', 'a']",2.8674681624773597
"F3_50,F1_50",0.9076423765233621,"['e', 'i']",2.301377771329597
"F3_50,F1_50",0.9076423765233621,"['e', 'a']",2.0006771905640073
"F3_50,F1_50",0.9076423765233621,"['i', 'a']",3.50509682517357
"F3_50,F0",0.9081913619942383,"['o', 'u']",0.06803180334175002
"F3_50,F0",0.9081913619942383,"['o', 'e']",0.03969718491221294
"F3_50,F0",0.9081913619942383,"['o', 'i']",0.3655350127160474
"F3_50,F0",0.9081913619942383,"['o', 'a']",0.17609152127228836
"F3_50,F0",0.9081913619942383,"['u', 'e']",0.16227864230800168
"F3_50,F0",0.9081913619942383,"['u', 'i']",0.4466978618544402
"F3_50,F0",0.9081913619942383,"['u', 'a']",0.31874350082559216
"F3_50,F0",0.9081913619942383,"['e', 'i']",0.6271367330196731
"F3_50,F0",0.9081913619942383,"['e', 'a']",0.06184838167959958
"F3_50,F0",0.9081913619942383,"['i', 'a']",0.9947012128237342
"F3_50,F4",0.9079339262094098,"['o', 'u']",0.039137989759850084
"F3_50,F4",0.9079339262094098,"['o', 'e']",0.17836067213698664
"F3_50,F4",0.9079339262094098,"['o', 'i']",0.29645522843702177
"F3_50,F4",0.9079339262094098,"['o', 'a']",0.34150313942023103
"F3_50,F4",0.9079339262094098,"['u', 'e']",0.08785664570757508
"F3_50,F4",0.9079339262094098,"['u', 'i']",0.3615610478477751
"F3_50,F4",0.9079339262094098,"['u', 'a']",0.27941454243706904
"F3_50,F4",0.9079339262094098,"['e', 'i']",0.8274476139388204
"F3_50,F4",0.9079339262094098,"['e', 'a']",0.07160168071539488
"F3_50,F4",0.9079339262094098,"['i', 'a']",1.1654278073202649
"F3_50,F2_50",0.9080143879626289,"['o', 'u']",0.04505463681189238
"F3_50,F2_50",0.9080143879626289,"['o', 'e']",2.3145356464832694
"F3_50,F2_50",0.9080143879626289,"['o', 'i']",1.927388198522427
"F3_50,F2_50",0.9080143879626289,"['o', 'a']",1.689191076625545
"F3_50,F2_50",0.9080143879626289,"['u', 'e']",1.8363914775620942
"F3_50,F2_50",0.9080143879626289,"['u', 'i']",1.3491260139098065
"F3_50,F2_50",0.9080143879626289,"['u', 'a']",1.3598026073812008
"F3_50,F2_50",0.9080143879626289,"['e', 'i']",1.1812722526022998
"F3_50,F2_50",0.9080143879626289,"['e', 'a']",1.6462693259155043
"F3_50,F2_50",0.9080143879626289,"['i', 'a']",2.703005179010519
"F3_50,Duration",0.908175938851159,"['o', 'u']",0.012738480612101595
"F3_50,Duration",0.908175938851159,"['o', 'e']",0.04660162291989341
"F3_50,Duration",0.908175938851159,"['o', 'i']",0.3782491017148587
"F3_50,Duration",0.908175938851159,"['o', 'a']",0.27123477057109163
"F3_50,Duration",0.908175938851159,"['u', 'e']",0.07046594048675714
"F3_50,Duration",0.908175938851159,"['u', 'i']",0.2602091746103282
"F3_50,Duration",0.908175938851159,"['u', 'a']",0.401914368101998
"F3_50,Duration",0.908175938851159,"['e', 'i']",0.5987413088318527
"F3_50,Duration",0.908175938851159,"['e', 'a']",0.30457499393337256
"F3_50,Duration",0.908175938851159,"['i', 'a']",1.2393814981296651
"F1_50,F0",0.9080789298952796,"['o', 'u']",0.8753425667384291
"F1_50,F0",0.9080789298952796,"['o', 'e']",0.05915404622051064
"F1_50,F0",0.9080789298952796,"['o', 'i']",1.5780711605599733
"F1_50,F0",0.9080789298952796,"['o', 'a']",1.4696079299483746
"F1_50,F0",0.9080789298952796,"['u', 'e']",1.1601349392902174
"F1_50,F0",0.9080789298952796,"['u', 'i']",0.42857698048229487
"F1_50,F0",0.9080789298952796,"['u', 'a']",2.2154864924686404
"F1_50,F0",0.9080789298952796,"['e', 'i']",1.985175092408042
"F1_50,F0",0.9080789298952796,"['e', 'a']",2.509234558786657
"F1_50,F0",0.9080789298952796,"['i', 'a']",3.1086798214874665
"F1_50,F4",0.9081915711216024,"['o', 'u']",1.0355677065361688
"F1_50,F4",0.9081915711216024,"['o', 'e']",0.0404439992357002
"F1_50,F4",0.9081915711216024,"['o', 'i']",1.8355141481415775
"F1_50,F4",0.9081915711216024,"['o', 'a']",1.465009797939914
"F1_50,F4",0.9081915711216024,"['u', 'e']",0.9749497455819864
"F1_50,F4",0.9081915711216024,"['u', 'i']",0.6847779321410674
"F1_50,F4",0.9081915711216024,"['u', 'a']",2.5032530862167404
"F1_50,F4",0.9081915711216024,"['e', 'i']",1.8088893031568656
"F1_50,F4",0.9081915711216024,"['e', 'a']",2.090212783240302
"F1_50,F4",0.9081915711216024,"['i', 'a']",3.132232125238896
"F1_50,F2_50",0.9083369669212792,"['o', 'u']",1.1850656509043345
"F1_50,F2_50",0.9083369669212792,"['o', 'e']",2.0424475926692214
"F1_50,F2_50",0.9083369669212792,"['o', 'i']",2.5474106155782854
"F1_50,F2_50",0.9083369669212792,"['o', 'a']",2.106441435285607
"F1_50,F2_50",0.9083369669212792,"['u', 'e']",1.6798500997964765
"F1_50,F2_50",0.9083369669212792,"['u', 'i']",1.592214784055082
"F1_50,F2_50",0.9083369669212792,"['u', 'a']",2.7163292387455447
"F1_50,F2_50",0.9083369669212792,"['e', 'i']",2.9803506275103606
"F1_50,F2_50",0.9083369669212792,"['e', 'a']",3.2808914674615504
"F1_50,F2_50",0.9083369669212792,"['i', 'a']",4.005016943550249
"F1_50,Duration",0.9082733399208451,"['o', 'u']",0.8094842075165316
"F1_50,Duration",0.9082733399208451,"['o', 'e']",0.04747162082820601
"F1_50,Duration",0.9082733399208451,"['o', 'i']",1.7571785443036851
"F1_50,Duration",0.9082733399208451,"['o', 'a']",1.362037716582469
"F1_50,Duration",0.9082733399208451,"['u', 'e']",0.8808155682917242
"F1_50,Duration",0.9082733399208451,"['u', 'i']",0.575054497483119
"F1_50,Duration",0.9082733399208451,"['u', 'a']",2.178545463271253
"F1_50,Duration",0.9082733399208451,"['e', 'i']",1.8781480126241166
"F1_50,Duration",0.9082733399208451,"['e', 'a']",2.0244848035588356
"F1_50,Duration",0.9082733399208451,"['i', 'a']",3.1007683247698554
"F0,F4",0.9081111616502242,"['o', 'u']",0.09007338164288566
"F0,F4",0.9081111616502242,"['o', 'e']",0.03567493096461976
"F0,F4",0.9081111616502242,"['o', 'i']",0.054218044504001514
"F0,F4",0.9081111616502242,"['o', 'a']",0.013729738781661876
"F0,F4",0.9081111616502242,"['u', 'e']",0.0660859001000396
"F0,F4",0.9081111616502242,"['u', 'i']",0.029347945487209454
"F0,F4",0.9081111616502242,"['u', 'a']",0.10273361362454952
"F0,F4",0.9081111616502242,"['e', 'i']",0.010395503222631055
"F0,F4",0.9081111616502242,"['e', 'a']",0.009472374562749037
"F0,F4",0.9081111616502242,"['i', 'a']",0.03746377606600495
"F0,F2_50",0.9084512288846714,"['o', 'u']",0.17452500609130556
"F0,F2_50",0.9084512288846714,"['o', 'e']",2.3193158274106334
"F0,F2_50",0.9084512288846714,"['o', 'i']",1.8947784264976137
"F0,F2_50",0.9084512288846714,"['o', 'a']",1.9943666629986834
"F0,F2_50",0.9084512288846714,"['u', 'e']",1.6811859351175575
"F0,F2_50",0.9084512288846714,"['u', 'i']",1.0971343888832428
"F0,F2_50",0.9084512288846714,"['u', 'a']",1.3924727254979095
"F0,F2_50",0.9084512288846714,"['e', 'i']",1.9588060209396212
"F0,F2_50",0.9084512288846714,"['e', 'a']",2.08556104215406
"F0,F2_50",0.9084512288846714,"['i', 'a']",3.259558790506928
"F0,Duration",0.9079663670917181,"['o', 'u']",0.06351222595770106
"F0,Duration",0.9079663670917181,"['o', 'e']",0.03423339772047629
"F0,Duration",0.9079663670917181,"['o', 'i']",0.14718617790840072
"F0,Duration",0.9079663670917181,"['o', 'a']",0.10293639565083804
"F0,Duration",0.9079663670917181,"['u', 'e']",0.04591931097273162
"F0,Duration",0.9079663670917181,"['u', 'i']",0.04491626699689755
"F0,Duration",0.9079663670917181,"['u', 'a']",0.2853848781872768
"F0,Duration",0.9079663670917181,"['e', 'i']",0.06169895466236172
"F0,Duration",0.9079663670917181,"['e', 'a']",0.2636416747230321
"F0,Duration",0.9079663670917181,"['i', 'a']",0.5005733305499505
"F4,F2_50",0.9081918325308069,"['o', 'u']",0.27551522699923975
"F4,F2_50",0.9081918325308069,"['o', 'e']",2.077502304321146
"F4,F2_50",0.9081918325308069,"['o', 'i']",1.9705064010942985
"F4,F2_50",0.9081918325308069,"['o', 'a']",1.6226262674326457
"F4,F2_50",0.9081918325308069,"['u', 'e']",1.3178731913825046
"F4,F2_50",0.9081918325308069,"['u', 'i']",1.2865887978143309
"F4,F2_50",0.9081918325308069,"['u', 'a']",1.0859874570497368
"F4,F2_50",0.9081918325308069,"['e', 'i']",1.8045993758663532
"F4,F2_50",0.9081918325308069,"['e', 'a']",1.7131345179749875
"F4,F2_50",0.9081918325308069,"['i', 'a']",3.2879662719437586
"F4,Duration",0.9081758604283974,"['o', 'u']",0.07393841626863781
"F4,Duration",0.9081758604283974,"['o', 'e']",0.07602610197357962
"F4,Duration",0.9081758604283974,"['o', 'i']",0.16552432649040508
"F4,Duration",0.9081758604283974,"['o', 'a']",0.07159800531998504
"F4,Duration",0.9081758604283974,"['u', 'e']",0.02009403731714874
"F4,Duration",0.9081758604283974,"['u', 'i']",0.03930718028134307
"F4,Duration",0.9081758604283974,"['u', 'a']",0.20085453856404292
"F4,Duration",0.9081758604283974,"['e', 'i']",0.03696131394216167
"F4,Duration",0.9081758604283974,"['e', 'a']",0.26369380593158326
"F4,Duration",0.9081758604283974,"['i', 'a']",0.41273261561721614
"F2_50,Duration",0.9076427686371693,"['o', 'u']",0.0508938421633891
"F2_50,Duration",0.9076427686371693,"['o', 'e']",2.204606236376431
"F2_50,Duration",0.9076427686371693,"['o', 'i']",1.8724008969460366
"F2_50,Duration",0.9076427686371693,"['o', 'a']",1.5917754092040028
"F2_50,Duration",0.9076427686371693,"['u', 'e']",1.6017780277572946
"F2_50,Duration",0.9076427686371693,"['u', 'i']",1.1948641312780093
"F2_50,Duration",0.9076427686371693,"['u', 'a']",1.2287289667994887
"F2_50,Duration",0.9076427686371693,"['e', 'i']",1.4539611155089234
"F2_50,Duration",0.9076427686371693,"['e', 'a']",1.7122509688946979
"F2_50,Duration",0.9076427686371693,"['i', 'a']",2.888130350308293
"F3_50,F1_50,F0",0.9082889460503683,"['o', 'u']",1.0442959207047342
"F3_50,F1_50,F0",0.9082889460503683,"['o', 'e']",0.08094043497499655
"F3_50,F1_50,F0",0.9082889460503683,"['o', 'i']",2.135434400268615
"F3_50,F1_50,F0",0.9082889460503683,"['o', 'a']",1.8035597937340238
"F3_50,F1_50,F0",0.9082889460503683,"['u', 'e']",1.545444868694776
"F3_50,F1_50,F0",0.9082889460503683,"['u', 'i']",1.242693053037541
"F3_50,F1_50,F0",0.9082889460503683,"['u', 'a']",3.0045150630583315
"F3_50,F1_50,F0",0.9082889460503683,"['e', 'i']",2.761473716569243
"F3_50,F1_50,F0",0.9082889460503683,"['e', 'a']",2.298606615378058
"F3_50,F1_50,F0",0.9082889460503683,"['i', 'a']",3.7407075365095834
"F3_50,F1_50,F4",0.9081917541080456,"['o', 'u']",0.9361490728440163
"F3_50,F1_50,F4",0.9081917541080456,"['o', 'e']",0.21206026177491893
"F3_50,F1_50,F4",0.9081917541080456,"['o', 'i']",2.0555895087539935
"F3_50,F1_50,F4",0.9081917541080456,"['o', 'a']",1.6981555719801884
"F3_50,F1_50,F4",0.9081917541080456,"['u', 'e']",1.1981070777872915
"F3_50,F1_50,F4",0.9081917541080456,"['u', 'i']",0.9627988862373822
"F3_50,F1_50,F4",0.9081917541080456,"['u', 'a']",2.8242566391881736
"F3_50,F1_50,F4",0.9081917541080456,"['e', 'i']",2.416024036467699
"F3_50,F1_50,F4",0.9081917541080456,"['e', 'a']",2.13339133298828
"F3_50,F1_50,F4",0.9081917541080456,"['i', 'a']",3.503331687447694
"F3_50,F1_50,F2_50",0.9084026590544307,"['o', 'u']",1.2664868475157296
"F3_50,F1_50,F2_50",0.9084026590544307,"['o', 'e']",2.4642846752582073
"F3_50,F1_50,F2_50",0.9084026590544307,"['o', 'i']",2.6027580342011998
"F3_50,F1_50,F2_50",0.9084026590544307,"['o', 'a']",2.3488378217860792
"F3_50,F1_50,F2_50",0.9084026590544307,"['u', 'e']",2.2342118700267384
"F3_50,F1_50,F2_50",0.9084026590544307,"['u', 'i']",1.97402219322311
"F3_50,F1_50,F2_50",0.9084026590544307,"['u', 'a']",2.993322065943161
"F3_50,F1_50,F2_50",0.9084026590544307,"['e', 'i']",3.1896558105308634
"F3_50,F1_50,F2_50",0.9084026590544307,"['e', 'a']",3.2266033747889287
"F3_50,F1_50,F2_50",0.9084026590544307,"['i', 'a']",4.049423277898615
"F3_50,F1_50,Duration",0.90801389128514,"['o', 'u']",0.8220765371676233
"F3_50,F1_50,Duration",0.90801389128514,"['o', 'e']",0.08303201862549256
"F3_50,F1_50,Duration",0.90801389128514,"['o', 'i']",1.9786426058730957
"F3_50,F1_50,Duration",0.90801389128514,"['o', 'a']",1.6941561437180712
"F3_50,F1_50,Duration",0.90801389128514,"['u', 'e']",1.1505886377646788
"F3_50,F1_50,Duration",0.90801389128514,"['u', 'i']",1.0528112673374472
"F3_50,F1_50,Duration",0.90801389128514,"['u', 'a']",2.820288295704999
"F3_50,F1_50,Duration",0.90801389128514,"['e', 'i']",2.413027506017817
"F3_50,F1_50,Duration",0.90801389128514,"['e', 'a']",2.069210576229908
"F3_50,F1_50,Duration",0.90801389128514,"['i', 'a']",3.4329360793121406
"F3_50,F0,F4",0.9078526279467353,"['o', 'u']",0.06397621417650327
"F3_50,F0,F4",0.9078526279467353,"['o', 'e']",0.13331219208022438
"F3_50,F0,F4",0.9078526279467353,"['o', 'i']",0.3605721189463944
"F3_50,F0,F4",0.9078526279467353,"['o', 'a']",0.2640299629258642
"F3_50,F0,F4",0.9078526279467353,"['u', 'e']",0.21615117996667194
"F3_50,F0,F4",0.9078526279467353,"['u', 'i']",0.4647215733898578
"F3_50,F0,F4",0.9078526279467353,"['u', 'a']",0.35724693583145256
"F3_50,F0,F4",0.9078526279467353,"['e', 'i']",0.8336375561322265
"F3_50,F0,F4",0.9078526279467353,"['e', 'a']",0.05760306589493162
"F3_50,F0,F4",0.9078526279467353,"['i', 'a']",1.1209772828565294
"F3_50,F0,F2_50",0.9075455244130056,"['o', 'u']",0.17982761710174336
"F3_50,F0,F2_50",0.9075455244130056,"['o', 'e']",2.5325916985953376
"F3_50,F0,F2_50",0.9075455244130056,"['o', 'i']",2.0172542735145758
"F3_50,F0,F2_50",0.9075455244130056,"['o', 'a']",1.9300285622096838
"F3_50,F0,F2_50",0.9075455244130056,"['u', 'e']",2.0385227127553027
"F3_50,F0,F2_50",0.9075455244130056,"['u', 'i']",1.3757305056429714
"F3_50,F0,F2_50",0.9075455244130056,"['u', 'a']",1.448552786957205
"F3_50,F0,F2_50",0.9075455244130056,"['e', 'i']",1.9294860009187085
"F3_50,F0,F2_50",0.9075455244130056,"['e', 'a']",2.1111976685286757
"F3_50,F0,F2_50",0.9075455244130056,"['i', 'a']",3.1662628592215003
"F3_50,F0,Duration",0.9078844153060317,"['o', 'u']",0.047334128490633495
"F3_50,F0,Duration",0.9078844153060317,"['o', 'e']",0.07631480857686895
"F3_50,F0,Duration",0.9078844153060317,"['o', 'i']",0.44023540743726486
"F3_50,F0,Duration",0.9078844153060317,"['o', 'a']",0.23600792607222582
"F3_50,F0,Duration",0.9078844153060317,"['u', 'e']",0.14425094335558097
"F3_50,F0,Duration",0.9078844153060317,"['u', 'i']",0.44228559713748383
"F3_50,F0,Duration",0.9078844153060317,"['u', 'a']",0.4257207025186876
"F3_50,F0,Duration",0.9078844153060317,"['e', 'i']",0.6406660137139232
"F3_50,F0,Duration",0.9078844153060317,"['e', 'a']",0.30959014328564105
"F3_50,F0,Duration",0.9078844153060317,"['i', 'a']",1.1990958232313882
"F3_50,F4,F2_50",0.908402946604556,"['o', 'u']",0.2735345238606146
"F3_50,F4,F2_50",0.908402946604556,"['o', 'e']",2.149796421579297
"F3_50,F4,F2_50",0.908402946604556,"['o', 'i']",1.9862318892894537
"F3_50,F4,F2_50",0.908402946604556,"['o', 'a']",1.5295438278980424
"F3_50,F4,F2_50",0.908402946604556,"['u', 'e']",1.6351790585032668
"F3_50,F4,F2_50",0.908402946604556,"['u', 'i']",1.3652506147313006
"F3_50,F4,F2_50",0.908402946604556,"['u', 'a']",1.2220339173009882
"F3_50,F4,F2_50",0.908402946604556,"['e', 'i']",1.799507507419737
"F3_50,F4,F2_50",0.908402946604556,"['e', 'a']",1.7941143056890911
"F3_50,F4,F2_50",0.908402946604556,"['i', 'a']",3.1230537010580726
"F3_50,F4,Duration",0.9084337144679537,"['o', 'u']",0.03254495234120761
"F3_50,F4,Duration",0.9084337144679537,"['o', 'e']",0.1619545580536185
"F3_50,F4,Duration",0.9084337144679537,"['o', 'i']",0.3825383517319169
"F3_50,F4,Duration",0.9084337144679537,"['o', 'a']",0.34623452863270054
"F3_50,F4,Duration",0.9084337144679537,"['u', 'e']",0.09781482295763592
"F3_50,F4,Duration",0.9084337144679537,"['u', 'i']",0.3604574123247778
"F3_50,F4,Duration",0.9084337144679537,"['u', 'a']",0.35229091109409616
"F3_50,F4,Duration",0.9084337144679537,"['e', 'i']",0.851351017567241
"F3_50,F4,Duration",0.9084337144679537,"['e', 'a']",0.3251985557915301
"F3_50,F4,Duration",0.9084337144679537,"['i', 'a']",1.3601404345231727
"F3_50,F2_50,Duration",0.9079174574295109,"['o', 'u']",0.039731081620121525
"F3_50,F2_50,Duration",0.9079174574295109,"['o', 'e']",2.4281398102177905
"F3_50,F2_50,Duration",0.9079174574295109,"['o', 'i']",1.9448149349465567
"F3_50,F2_50,Duration",0.9079174574295109,"['o', 'a']",1.7764621239090443
"F3_50,F2_50,Duration",0.9079174574295109,"['u', 'e']",1.9886989073037202
"F3_50,F2_50,Duration",0.9079174574295109,"['u', 'i']",1.3659235871559425
"F3_50,F2_50,Duration",0.9079174574295109,"['u', 'a']",1.5313882668079206
"F3_50,F2_50,Duration",0.9079174574295109,"['e', 'i']",1.4552759340016692
"F3_50,F2_50,Duration",0.9079174574295109,"['e', 'a']",1.826954442047514
"F3_50,F2_50,Duration",0.9079174574295109,"['i', 'a']",2.891797890411703
"F1_50,F0,F4",0.9080952156887347,"['o', 'u']",0.9804123308844532
"F1_50,F0,F4",0.9080952156887347,"['o', 'e']",0.10334051427545232
"F1_50,F0,F4",0.9080952156887347,"['o', 'i']",1.742822938189481
"F1_50,F0,F4",0.9080952156887347,"['o', 'a']",1.4716772791838095
"F1_50,F0,F4",0.9080952156887347,"['u', 'e']",1.2576935924357011
"F1_50,F0,F4",0.9080952156887347,"['u', 'i']",0.5816232989736545
"F1_50,F0,F4",0.9080952156887347,"['u', 'a']",2.3343360832372597
"F1_50,F0,F4",0.9080952156887347,"['e', 'i']",2.0804852729545598
"F1_50,F0,F4",0.9080952156887347,"['e', 'a']",2.419677220912556
"F1_50,F0,F4",0.9080952156887347,"['i', 'a']",3.1956884569420136
"F1_50,F0,F2_50",0.9074639647411266,"['o', 'u']",1.3795814373581856
"F1_50,F0,F2_50",0.9074639647411266,"['o', 'e']",2.396190147642711
"F1_50,F0,F2_50",0.9074639647411266,"['o', 'i']",3.4125832648933203
"F1_50,F0,F2_50",0.9074639647411266,"['o', 'a']",2.485763797980296
"F1_50,F0,F2_50",0.9074639647411266,"['u', 'e']",2.110123456374006
"F1_50,F0,F2_50",0.9074639647411266,"['u', 'i']",1.8892896939413253
"F1_50,F0,F2_50",0.9074639647411266,"['u', 'a']",2.986724249392261
"F1_50,F0,F2_50",0.9074639647411266,"['e', 'i']",3.114367839250073
"F1_50,F0,F2_50",0.9074639647411266,"['e', 'a']",3.3588470338747447
"F1_50,F0,F2_50",0.9074639647411266,"['i', 'a']",4.2624179918240745
"F1_50,F0,Duration",0.9076753140831593,"['o', 'u']",0.8176945329419276
"F1_50,F0,Duration",0.9076753140831593,"['o', 'e']",0.12241079342517981
"F1_50,F0,Duration",0.9076753140831593,"['o', 'i']",1.6375206375057907
"F1_50,F0,Duration",0.9076753140831593,"['o', 'a']",1.367337173932615
"F1_50,F0,Duration",0.9076753140831593,"['u', 'e']",1.1352060057040776
"F1_50,F0,Duration",0.9076753140831593,"['u', 'i']",0.5081744836004788
"F1_50,F0,Duration",0.9076753140831593,"['u', 'a']",2.168624763350133
"F1_50,F0,Duration",0.9076753140831593,"['e', 'i']",2.0670670982405857
"F1_50,F0,Duration",0.9076753140831593,"['e', 'a']",2.4385463548516912
"F1_50,F0,Duration",0.9076753140831593,"['i', 'a']",3.203084619417131
"F1_50,F4,F2_50",0.9080300725149134,"['o', 'u']",1.3817192921225931
"F1_50,F4,F2_50",0.9080300725149134,"['o', 'e']",2.1026711123500457
"F1_50,F4,F2_50",0.9080300725149134,"['o', 'i']",2.6283880960711334
"F1_50,F4,F2_50",0.9080300725149134,"['o', 'a']",2.1358376771821708
"F1_50,F4,F2_50",0.9080300725149134,"['u', 'e']",1.8938790986325627
"F1_50,F4,F2_50",0.9080300725149134,"['u', 'i']",1.8999970924136143
"F1_50,F4,F2_50",0.9080300725149134,"['u', 'a']",2.8617218340802957
"F1_50,F4,F2_50",0.9080300725149134,"['e', 'i']",2.9827710999428545
"F1_50,F4,F2_50",0.9080300725149134,"['e', 'a']",3.1972108180278767
"F1_50,F4,F2_50",0.9080300725149134,"['i', 'a']",4.1572624916982335
"F1_50,F4,Duration",0.9083699306219971,"['o', 'u']",0.9288298465706459
"F1_50,F4,Duration",0.9083699306219971,"['o', 'e']",0.10670618149529841
"F1_50,F4,Duration",0.9083699306219971,"['o', 'i']",1.8083353918686982
"F1_50,F4,Duration",0.9083699306219971,"['o', 'a']",1.4073048637839969
"F1_50,F4,Duration",0.9083699306219971,"['u', 'e']",0.9923507423420952
"F1_50,F4,Duration",0.9083699306219971,"['u', 'i']",0.6212756377000136
"F1_50,F4,Duration",0.9083699306219971,"['u', 'a']",2.4204385903156203
"F1_50,F4,Duration",0.9083699306219971,"['e', 'i']",1.9109688991231442
"F1_50,F4,Duration",0.9083699306219971,"['e', 'a']",2.101401056589122
"F1_50,F4,Duration",0.9083699306219971,"['i', 'a']",3.1847878819119746
"F1_50,F2_50,Duration",0.9080147800764361,"['o', 'u']",1.2023054554156323
"F1_50,F2_50,Duration",0.9080147800764361,"['o', 'e']",2.12336865827822
"F1_50,F2_50,Duration",0.9080147800764361,"['o', 'i']",2.5459217326270958
"F1_50,F2_50,Duration",0.9080147800764361,"['o', 'a']",2.1032718558128876
"F1_50,F2_50,Duration",0.9080147800764361,"['u', 'e']",1.711485976405537
"F1_50,F2_50,Duration",0.9080147800764361,"['u', 'i']",1.5939915466144239
"F1_50,F2_50,Duration",0.9080147800764361,"['u', 'a']",2.6901386884607357
"F1_50,F2_50,Duration",0.9080147800764361,"['e', 'i']",3.0392194937527166
"F1_50,F2_50,Duration",0.9080147800764361,"['e', 'a']",3.3186620452105906
"F1_50,F2_50,Duration",0.9080147800764361,"['i', 'a']",4.274528710420091
"F0,F4,F2_50",0.908256792718185,"['o', 'u']",0.2636355910476332
"F0,F4,F2_50",0.908256792718185,"['o', 'e']",2.355497929835512
"F0,F4,F2_50",0.908256792718185,"['o', 'i']",2.23338583319768
"F0,F4,F2_50",0.908256792718185,"['o', 'a']",1.8747716082083965
"F0,F4,F2_50",0.908256792718185,"['u', 'e']",1.7486253058694579
"F0,F4,F2_50",0.908256792718185,"['u', 'i']",1.4304811046591552
"F0,F4,F2_50",0.908256792718185,"['u', 'a']",1.3262297239073126
"F0,F4,F2_50",0.908256792718185,"['e', 'i']",2.160491023858762
"F0,F4,F2_50",0.908256792718185,"['e', 'a']",2.0922220689413447
"F0,F4,F2_50",0.908256792718185,"['i', 'a']",3.3344350545904207
"F0,F4,Duration",0.9078853040973278,"['o', 'u']",0.09060513561155462
"F0,F4,Duration",0.9078853040973278,"['o', 'e']",0.04274253468258053
"F0,F4,Duration",0.9078853040973278,"['o', 'i']",0.1794797890801135
"F0,F4,Duration",0.9078853040973278,"['o', 'a']",0.11391829947797077
"F0,F4,Duration",0.9078853040973278,"['u', 'e']",0.04461530469464971
"F0,F4,Duration",0.9078853040973278,"['u', 'i']",0.0752878492275759
"F0,F4,Duration",0.9078853040973278,"['u', 'a']",0.3218863149154548
"F0,F4,Duration",0.9078853040973278,"['e', 'i']",0.04742927408642722
"F0,F4,Duration",0.9078853040973278,"['e', 'a']",0.27755647860677785
"F0,F4,Duration",0.9078853040973278,"['i', 'a']",0.5189549394184296
"F0,F2_50,Duration",0.907900962508692,"['o', 'u']",0.15820632292536668
"F0,F2_50,Duration",0.907900962508692,"['o', 'e']",2.2122282250151653
"F0,F2_50,Duration",0.907900962508692,"['o', 'i']",1.8377159453234428
"F0,F2_50,Duration",0.907900962508692,"['o', 'a']",1.9135612419664783
"F0,F2_50,Duration",0.907900962508692,"['u', 'e']",1.7145460788242026
"F0,F2_50,Duration",0.907900962508692,"['u', 'i']",1.1114535519991602
"F0,F2_50,Duration",0.907900962508692,"['u', 'a']",1.4953744678248448
"F0,F2_50,Duration",0.907900962508692,"['e', 'i']",2.0191192787929038
"F0,F2_50,Duration",0.907900962508692,"['e', 'a']",2.1469561132775685
"F0,F2_50,Duration",0.907900962508692,"['i', 'a']",3.3465922697332804
"F4,F2_50,Duration",0.9080299679512314,"['o', 'u']",0.247939661858267
"F4,F2_50,Duration",0.9080299679512314,"['o', 'e']",2.0376462639830017
"F4,F2_50,Duration",0.9080299679512314,"['o', 'i']",1.9741723423076976
"F4,F2_50,Duration",0.9080299679512314,"['o', 'a']",1.5948153434534071
"F4,F2_50,Duration",0.9080299679512314,"['u', 'e']",1.4055783958207657
"F4,F2_50,Duration",0.9080299679512314,"['u', 'i']",1.2985811698839353
"F4,F2_50,Duration",0.9080299679512314,"['u', 'a']",1.2067368949029038
"F4,F2_50,Duration",0.9080299679512314,"['e', 'i']",1.9078424362708115
"F4,F2_50,Duration",0.9080299679512314,"['e', 'a']",1.8613335954309425
"F4,F2_50,Duration",0.9080299679512314,"['i', 'a']",3.3010810580152796
"F3_50,F1_50,F0,F4",0.9077401174250147,"['o', 'u']",1.0600350767950586
"F3_50,F1_50,F0,F4",0.9077401174250147,"['o', 'e']",0.21281837350028388
"F3_50,F1_50,F0,F4",0.9077401174250147,"['o', 'i']",1.9606948535125404
"F3_50,F1_50,F0,F4",0.9077401174250147,"['o', 'a']",1.7775394355384144
"F3_50,F1_50,F0,F4",0.9077401174250147,"['u', 'e']",1.5344748549907294
"F3_50,F1_50,F0,F4",0.9077401174250147,"['u', 'i']",1.1023588029949332
"F3_50,F1_50,F0,F4",0.9077401174250147,"['u', 'a']",2.9347013963012216
"F3_50,F1_50,F0,F4",0.9077401174250147,"['e', 'i']",2.605010539198421
"F3_50,F1_50,F0,F4",0.9077401174250147,"['e', 'a']",2.3065820161985497
"F3_50,F1_50,F0,F4",0.9077401174250147,"['i', 'a']",3.7209037050897673
"F3_50,F1_50,F0,F2_50",0.9084497388522046,"['o', 'u']",1.4779175101090756
"F3_50,F1_50,F0,F2_50",0.9084497388522046,"['o', 'e']",2.797830055164364
"F3_50,F1_50,F0,F2_50",0.9084497388522046,"['o', 'i']",3.3509117577995986
"F3_50,F1_50,F0,F2_50",0.9084497388522046,"['o', 'a']",2.589861009299411
"F3_50,F1_50,F0,F2_50",0.9084497388522046,"['u', 'e']",2.6636354852240123
"F3_50,F1_50,F0,F2_50",0.9084497388522046,"['u', 'i']",2.315436546506361
"F3_50,F1_50,F0,F2_50",0.9084497388522046,"['u', 'a']",3.1926160356533044
"F3_50,F1_50,F0,F2_50",0.9084497388522046,"['e', 'i']",3.2488599165020156
"F3_50,F1_50,F0,F2_50",0.9084497388522046,"['e', 'a']",3.289985154550091
"F3_50,F1_50,F0,F2_50",0.9084497388522046,"['i', 'a']",4.213991100893592
"F3_50,F1_50,F0,Duration",0.9079328544316703,"['o', 'u']",1.0326043053813623
"F3_50,F1_50,F0,Duration",0.9079328544316703,"['o', 'e']",0.16058857591886944
"F3_50,F1_50,F0,Duration",0.9079328544316703,"['o', 'i']",2.059293193716945
"F3_50,F1_50,F0,Duration",0.9079328544316703,"['o', 'a']",1.7638704781357286
"F3_50,F1_50,F0,Duration",0.9079328544316703,"['u', 'e']",1.6121298403955016
"F3_50,F1_50,F0,Duration",0.9079328544316703,"['u', 'i']",1.2690796697537072
"F3_50,F1_50,F0,Duration",0.9079328544316703,"['u', 'a']",2.988858390750658
"F3_50,F1_50,F0,Duration",0.9079328544316703,"['e', 'i']",2.6486000650630106
"F3_50,F1_50,F0,Duration",0.9079328544316703,"['e', 'a']",2.302557940919932
"F3_50,F1_50,F0,Duration",0.9079328544316703,"['i', 'a']",3.8464118074954525
"F3_50,F1_50,F4,F2_50",0.9079809014435019,"['o', 'u']",1.3916701195828751
"F3_50,F1_50,F4,F2_50",0.9079809014435019,"['o', 'e']",2.394535448019636
"F3_50,F1_50,F4,F2_50",0.9079809014435019,"['o', 'i']",2.5698172850622436
"F3_50,F1_50,F4,F2_50",0.9079809014435019,"['o', 'a']",2.319933231959535
"F3_50,F1_50,F4,F2_50",0.9079809014435019,"['u', 'e']",2.32802212469559
"F3_50,F1_50,F4,F2_50",0.9079809014435019,"['u', 'i']",2.125126333921721
"F3_50,F1_50,F4,F2_50",0.9079809014435019,"['u', 'a']",3.070657945923873
"F3_50,F1_50,F4,F2_50",0.9079809014435019,"['e', 'i']",3.1496410070870065
"F3_50,F1_50,F4,F2_50",0.9079809014435019,"['e', 'a']",3.2646139412525543
"F3_50,F1_50,F4,F2_50",0.9079809014435019,"['i', 'a']",4.258271475401898
"F3_50,F1_50,F4,Duration",0.9080141004125037,"['o', 'u']",0.9240492759628112
"F3_50,F1_50,F4,Duration",0.9080141004125037,"['o', 'e']",0.2565552563581105
"F3_50,F1_50,F4,Duration",0.9080141004125037,"['o', 'i']",1.976053190504366
"F3_50,F1_50,F4,Duration",0.9080141004125037,"['o', 'a']",1.6883907742960178
"F3_50,F1_50,F4,Duration",0.9080141004125037,"['u', 'e']",1.214778892644159
"F3_50,F1_50,F4,Duration",0.9080141004125037,"['u', 'i']",0.9637635714780335
"F3_50,F1_50,F4,Duration",0.9080141004125037,"['u', 'a']",2.819780285272003
"F3_50,F1_50,F4,Duration",0.9080141004125037,"['e', 'i']",2.4423652177201665
"F3_50,F1_50,F4,Duration",0.9080141004125037,"['e', 'a']",2.1479467348647456
"F3_50,F1_50,F4,Duration",0.9080141004125037,"['i', 'a']",3.441187530976619
"F3_50,F1_50,F2_50,Duration",0.9081758342874771,"['o', 'u']",1.2849854456742582
"F3_50,F1_50,F2_50,Duration",0.9081758342874771,"['o', 'e']",2.5121531652890714
"F3_50,F1_50,F2_50,Duration",0.9081758342874771,"['o', 'i']",2.571389638296216
"F3_50,F1_50,F2_50,Duration",0.9081758342874771,"['o', 'a']",2.3356707242564
"F3_50,F1_50,F2_50,Duration",0.9081758342874771,"['u', 'e']",2.2745888895254365
"F3_50,F1_50,F2_50,Duration",0.9081758342874771,"['u', 'i']",1.972184734227186
"F3_50,F1_50,F2_50,Duration",0.9081758342874771,"['u', 'a']",2.982879882866426
"F3_50,F1_50,F2_50,Duration",0.9081758342874771,"['e', 'i']",3.221294957542741
"F3_50,F1_50,F2_50,Duration",0.9081758342874771,"['e', 'a']",3.2686739770072846
"F3_50,F1_50,F2_50,Duration",0.9081758342874771,"['i', 'a']",4.2791628858004485
"F3_50,F0,F4,F2_50",0.9080617814514484,"['o', 'u']",0.2790172388788185
"F3_50,F0,F4,F2_50",0.9080617814514484,"['o', 'e']",2.480425451445794
"F3_50,F0,F4,F2_50",0.9080617814514484,"['o', 'i']",2.1753770955236393
"F3_50,F0,F4,F2_50",0.9080617814514484,"['o', 'a']",1.8115752050711957
"F3_50,F0,F4,F2_50",0.9080617814514484,"['u', 'e']",2.1151901187145414
"F3_50,F0,F4,F2_50",0.9080617814514484,"['u', 'i']",1.5601708770042868
"F3_50,F0,F4,F2_50",0.9080617814514484,"['u', 'a']",1.428492763181252
"F3_50,F0,F4,F2_50",0.9080617814514484,"['e', 'i']",2.125181252272876
"F3_50,F0,F4,F2_50",0.9080617814514484,"['e', 'a']",2.1260807380972544
"F3_50,F0,F4,F2_50",0.9080617814514484,"['i', 'a']",3.3103667761809517
"F3_50,F0,F4,Duration",0.9077725060254822,"['o', 'u']",0.06140185707243591
"F3_50,F0,F4,Duration",0.9077725060254822,"['o', 'e']",0.1460353229389913
"F3_50,F0,F4,Duration",0.9077725060254822,"['o', 'i']",0.4570312920703667
"F3_50,F0,F4,Duration",0.9077725060254822,"['o', 'a']",0.3195283096936482
"F3_50,F0,F4,Duration",0.9077725060254822,"['u', 'e']",0.19410080003073732
"F3_50,F0,F4,Duration",0.9077725060254822,"['u', 'i']",0.551250516849417
"F3_50,F0,F4,Duration",0.9077725060254822,"['u', 'a']",0.4671479035464158
"F3_50,F0,F4,Duration",0.9077725060254822,"['e', 'i']",0.8563646927450996
"F3_50,F0,F4,Duration",0.9077725060254822,"['e', 'a']",0.34923560995452724
"F3_50,F0,F4,Duration",0.9077725060254822,"['i', 'a']",1.3972353042565462
"F3_50,F0,F2_50,Duration",0.9081112400729856,"['o', 'u']",0.1606642620445318
"F3_50,F0,F2_50,Duration",0.9081112400729856,"['o', 'e']",2.4396907126837877
"F3_50,F0,F2_50,Duration",0.9081112400729856,"['o', 'i']",1.9218793734263817
"F3_50,F0,F2_50,Duration",0.9081112400729856,"['o', 'a']",1.828636767223626
"F3_50,F0,F2_50,Duration",0.9081112400729856,"['u', 'e']",2.067965064134034
"F3_50,F0,F2_50,Duration",0.9081112400729856,"['u', 'i']",1.4011986204783962
"F3_50,F0,F2_50,Duration",0.9081112400729856,"['u', 'a']",1.5778556982787604
"F3_50,F0,F2_50,Duration",0.9081112400729856,"['e', 'i']",1.9639720697633454
"F3_50,F0,F2_50,Duration",0.9081112400729856,"['e', 'a']",2.139590680100786
"F3_50,F0,F2_50,Duration",0.9081112400729856,"['i', 'a']",3.2595581809711023
"F3_50,F4,F2_50,Duration",0.9082249530770476,"['o', 'u']",0.26234074574191335
"F3_50,F4,F2_50,Duration",0.9082249530770476,"['o', 'e']",2.1736831038943643
"F3_50,F4,F2_50,Duration",0.9082249530770476,"['o', 'i']",1.9952362458305055
"F3_50,F4,F2_50,Duration",0.9082249530770476,"['o', 'a']",1.6553445329307637
"F3_50,F4,F2_50,Duration",0.9082249530770476,"['u', 'e']",1.7158819903332638
"F3_50,F4,F2_50,Duration",0.9082249530770476,"['u', 'i']",1.3760395336563445
"F3_50,F4,F2_50,Duration",0.9082249530770476,"['u', 'a']",1.4077166466062139
"F3_50,F4,F2_50,Duration",0.9082249530770476,"['e', 'i']",1.9383115448418944
"F3_50,F4,F2_50,Duration",0.9082249530770476,"['e', 'a']",1.9357593070228651
"F3_50,F4,F2_50,Duration",0.9082249530770476,"['i', 'a']",3.3610854145498745
"F1_50,F0,F4,F2_50",0.9084337667497948,"['o', 'u']",1.4730360964313218
"F1_50,F0,F4,F2_50",0.9084337667497948,"['o', 'e']",2.423720886064464
"F1_50,F0,F4,F2_50",0.9084337667497948,"['o', 'i']",3.2856607494488808
"F1_50,F0,F4,F2_50",0.9084337667497948,"['o', 'a']",2.401387493265373
"F1_50,F0,F4,F2_50",0.9084337667497948,"['u', 'e']",2.279656246472468
"F1_50,F0,F4,F2_50",0.9084337667497948,"['u', 'i']",2.1986200149641775
"F1_50,F0,F4,F2_50",0.9084337667497948,"['u', 'a']",3.0599355261564147
"F1_50,F0,F4,F2_50",0.9084337667497948,"['e', 'i']",3.177710538834714
"F1_50,F0,F4,F2_50",0.9084337667497948,"['e', 'a']",3.377480139482948
"F1_50,F0,F4,F2_50",0.9084337667497948,"['i', 'a']",4.248719541940739
"F1_50,F0,F4,Duration",0.9078531507651448,"['o', 'u']",0.9560093839447286
"F1_50,F0,F4,Duration",0.9078531507651448,"['o', 'e']",0.16063991321447307
"F1_50,F0,F4,Duration",0.9078531507651448,"['o', 'i']",1.7963271798037663
"F1_50,F0,F4,Duration",0.9078531507651448,"['o', 'a']",1.4629957391891897
"F1_50,F0,F4,Duration",0.9078531507651448,"['u', 'e']",1.256386966749537
"F1_50,F0,F4,Duration",0.9078531507651448,"['u', 'i']",0.6254441636044122
"F1_50,F0,F4,Duration",0.9078531507651448,"['u', 'a']",2.309127828610209
"F1_50,F0,F4,Duration",0.9078531507651448,"['e', 'i']",2.1355648540190444
"F1_50,F0,F4,Duration",0.9078531507651448,"['e', 'a']",2.4180507278916172
"F1_50,F0,F4,Duration",0.9078531507651448,"['i', 'a']",3.253898302456712
"F1_50,F0,F2_50,Duration",0.908175886569318,"['o', 'u']",1.3991825040739596
"F1_50,F0,F2_50,Duration",0.908175886569318,"['o', 'e']",2.4395022656341347
"F1_50,F0,F2_50,Duration",0.908175886569318,"['o', 'i']",3.5283584588846573
"F1_50,F0,F2_50,Duration",0.908175886569318,"['o', 'a']",2.494524834756066
"F1_50,F0,F2_50,Duration",0.908175886569318,"['u', 'e']",2.138558775696767
"F1_50,F0,F2_50,Duration",0.908175886569318,"['u', 'i']",1.9702896733321398
"F1_50,F0,F2_50,Duration",0.908175886569318,"['u', 'a']",3.028719197151492
"F1_50,F0,F2_50,Duration",0.908175886569318,"['e', 'i']",3.1682892026763034
"F1_50,F0,F2_50,Duration",0.908175886569318,"['e', 'a']",3.3379032831359003
"F1_50,F0,F2_50,Duration",0.908175886569318,"['i', 'a']",4.374365376342702
"F1_50,F4,F2_50,Duration",0.9074326479183984,"['o', 'u']",1.4121383968544656
"F1_50,F4,F2_50,Duration",0.9074326479183984,"['o', 'e']",2.162076327700832
"F1_50,F4,F2_50,Duration",0.9074326479183984,"['o', 'i']",2.5926330682036385
"F1_50,F4,F2_50,Duration",0.9074326479183984,"['o', 'a']",2.1166375760756475
"F1_50,F4,F2_50,Duration",0.9074326479183984,"['u', 'e']",1.8997949531736396
"F1_50,F4,F2_50,Duration",0.9074326479183984,"['u', 'i']",1.9231107444036861
"F1_50,F4,F2_50,Duration",0.9074326479183984,"['u', 'a']",2.850614331505394
"F1_50,F4,F2_50,Duration",0.9074326479183984,"['e', 'i']",3.0905832554494435
"F1_50,F4,F2_50,Duration",0.9074326479183984,"['e', 'a']",3.2728560660146884
"F1_50,F4,F2_50,Duration",0.9074326479183984,"['i', 'a']",4.2569936287520465
"F0,F4,F2_50,Duration",0.9077564555003111,"['o', 'u']",0.25073465966523834
"F0,F4,F2_50,Duration",0.9077564555003111,"['o', 'e']",2.329410805895273
"F0,F4,F2_50,Duration",0.9077564555003111,"['o', 'i']",2.269363731208042
"F0,F4,F2_50,Duration",0.9077564555003111,"['o', 'a']",1.8462308297702643
"F0,F4,F2_50,Duration",0.9077564555003111,"['u', 'e']",1.708229120903364
"F0,F4,F2_50,Duration",0.9077564555003111,"['u', 'i']",1.4684882194042708
"F0,F4,F2_50,Duration",0.9077564555003111,"['u', 'a']",1.4301356024041811
"F0,F4,F2_50,Duration",0.9077564555003111,"['e', 'i']",2.200639349736314
"F0,F4,F2_50,Duration",0.9077564555003111,"['e', 'a']",2.1392042784248115
"F0,F4,F2_50,Duration",0.9077564555003111,"['i', 'a']",3.3882973445154088
"F3_50,F1_50,F0,F4,F2_50",0.9078687046128268,"['o', 'u']",1.5480614797752217
"F3_50,F1_50,F0,F4,F2_50",0.9078687046128268,"['o', 'e']",2.719563150709752
"F3_50,F1_50,F0,F4,F2_50",0.9078687046128268,"['o', 'i']",3.2446613344202824
"F3_50,F1_50,F0,F4,F2_50",0.9078687046128268,"['o', 'a']",2.5752625345102427
"F3_50,F1_50,F0,F4,F2_50",0.9078687046128268,"['u', 'e']",2.7459730773244377
"F3_50,F1_50,F0,F4,F2_50",0.9078687046128268,"['u', 'i']",2.496928866389622
"F3_50,F1_50,F0,F4,F2_50",0.9078687046128268,"['u', 'a']",3.317801389554684
"F3_50,F1_50,F0,F4,F2_50",0.9078687046128268,"['e', 'i']",3.302642121878807
"F3_50,F1_50,F0,F4,F2_50",0.9078687046128268,"['e', 'a']",3.323717096125927
"F3_50,F1_50,F0,F4,F2_50",0.9078687046128268,"['i', 'a']",4.213830423081634
"F3_50,F1_50,F0,F4,Duration",0.9078038751300511,"['o', 'u']",1.0708061979705519
"F3_50,F1_50,F0,F4,Duration",0.9078038751300511,"['o', 'e']",0.31518480660911946
"F3_50,F1_50,F0,F4,Duration",0.9078038751300511,"['o', 'i']",1.9017387420593432
"F3_50,F1_50,F0,F4,Duration",0.9078038751300511,"['o', 'a']",1.776171522199605
"F3_50,F1_50,F0,F4,Duration",0.9078038751300511,"['u', 'e']",1.6353623834631295
"F3_50,F1_50,F0,F4,Duration",0.9078038751300511,"['u', 'i']",1.1473040110061064
"F3_50,F1_50,F0,F4,Duration",0.9078038751300511,"['u', 'a']",2.977373283818139
"F3_50,F1_50,F0,F4,Duration",0.9078038751300511,"['e', 'i']",2.5700377753163015
"F3_50,F1_50,F0,F4,Duration",0.9078038751300511,"['e', 'a']",2.36823196475909
"F3_50,F1_50,F0,F4,Duration",0.9078038751300511,"['i', 'a']",3.8387539599557723
"F3_50,F1_50,F0,F2_50,Duration",0.9084821274526721,"['o', 'u']",1.4839766349168726
"F3_50,F1_50,F0,F2_50,Duration",0.9084821274526721,"['o', 'e']",2.82317381307688
"F3_50,F1_50,F0,F2_50,Duration",0.9084821274526721,"['o', 'i']",3.414470390034437
"F3_50,F1_50,F0,F2_50,Duration",0.9084821274526721,"['o', 'a']",2.5835331527400403
"F3_50,F1_50,F0,F2_50,Duration",0.9084821274526721,"['u', 'e']",2.676671261227396
"F3_50,F1_50,F0,F2_50,Duration",0.9084821274526721,"['u', 'i']",2.3471265846785787
"F3_50,F1_50,F0,F2_50,Duration",0.9084821274526721,"['u', 'a']",3.1844123787138927
"F3_50,F1_50,F0,F2_50,Duration",0.9084821274526721,"['e', 'i']",3.2061345447997254
"F3_50,F1_50,F0,F2_50,Duration",0.9084821274526721,"['e', 'a']",3.3341730432675436
"F3_50,F1_50,F0,F2_50,Duration",0.9084821274526721,"['i', 'a']",4.416523123885087
"F3_50,F1_50,F4,F2_50,Duration",0.9080129763529233,"['o', 'u']",1.4425291820361226
"F3_50,F1_50,F4,F2_50,Duration",0.9080129763529233,"['o', 'e']",2.449606301126508
"F3_50,F1_50,F4,F2_50,Duration",0.9080129763529233,"['o', 'i']",2.6003895649535256
"F3_50,F1_50,F4,F2_50,Duration",0.9080129763529233,"['o', 'a']",2.364671339655057
"F3_50,F1_50,F4,F2_50,Duration",0.9080129763529233,"['u', 'e']",2.367236842906425
"F3_50,F1_50,F4,F2_50,Duration",0.9080129763529233,"['u', 'i']",2.1647138648555964
"F3_50,F1_50,F4,F2_50,Duration",0.9080129763529233,"['u', 'a']",3.1117472079600637
"F3_50,F1_50,F4,F2_50,Duration",0.9080129763529233,"['e', 'i']",3.1876783821875794
"F3_50,F1_50,F4,F2_50,Duration",0.9080129763529233,"['e', 'a']",3.30732414256944
"F3_50,F1_50,F4,F2_50,Duration",0.9080129763529233,"['i', 'a']",4.393102712264675
"F3_50,F0,F4,F2_50,Duration",0.9079329851362727,"['o', 'u']",0.28433553156042124
"F3_50,F0,F4,F2_50,Duration",0.9079329851362727,"['o', 'e']",2.554623246297042
"F3_50,F0,F4,F2_50,Duration",0.9079329851362727,"['o', 'i']",2.2253543928694155
"F3_50,F0,F4,F2_50,Duration",0.9079329851362727,"['o', 'a']",1.8900143742100184
"F3_50,F0,F4,F2_50,Duration",0.9079329851362727,"['u', 'e']",2.1447105449045933
"F3_50,F0,F4,F2_50,Duration",0.9079329851362727,"['u', 'i']",1.6274236358744218
"F3_50,F0,F4,F2_50,Duration",0.9079329851362727,"['u', 'a']",1.630216487370441
"F3_50,F0,F4,F2_50,Duration",0.9079329851362727,"['e', 'i']",2.2001445415294376
"F3_50,F0,F4,F2_50,Duration",0.9079329851362727,"['e', 'a']",2.1865913832753443
"F3_50,F0,F4,F2_50,Duration",0.9079329851362727,"['i', 'a']",3.411776042658391
"F1_50,F0,F4,F2_50,Duration",0.9077881644368461,"['o', 'u']",1.479045032449112
"F1_50,F0,F4,F2_50,Duration",0.9077881644368461,"['o', 'e']",2.4605069617952253
"F1_50,F0,F4,F2_50,Duration",0.9077881644368461,"['o', 'i']",3.2494020224337423
"F1_50,F0,F4,F2_50,Duration",0.9077881644368461,"['o', 'a']",2.4321896527342095
"F1_50,F0,F4,F2_50,Duration",0.9077881644368461,"['u', 'e']",2.275728136637315
"F1_50,F0,F4,F2_50,Duration",0.9077881644368461,"['u', 'i']",2.1828959308963802
"F1_50,F0,F4,F2_50,Duration",0.9077881644368461,"['u', 'a']",3.0878996786059694
"F1_50,F0,F4,F2_50,Duration",0.9077881644368461,"['e', 'i']",3.2644587484274465
"F1_50,F0,F4,F2_50,Duration",0.9077881644368461,"['e', 'a']",3.3672997677086594
"F1_50,F0,F4,F2_50,Duration",0.9077881644368461,"['i', 'a']",4.550654010243363
"F3_50,F1_50,F0,F4,F2_50,Duration",0.9081272905981567,"['o', 'u']",1.5725045225162477
"F3_50,F1_50,F0,F4,F2_50,Duration",0.9081272905981567,"['o', 'e']",2.8005081507250806
"F3_50,F1_50,F0,F4,F2_50,Duration",0.9081272905981567,"['o', 'i']",3.2674467859791556
"F3_50,F1_50,F0,F4,F2_50,Duration",0.9081272905981567,"['o', 'a']",2.587765657466532
"F3_50,F1_50,F0,F4,F2_50,Duration",0.9081272905981567,"['u', 'e']",2.736387073255999
"F3_50,F1_50,F0,F4,F2_50,Duration",0.9081272905981567,"['u', 'i']",2.516252908829528
"F3_50,F1_50,F0,F4,F2_50,Duration",0.9081272905981567,"['u', 'a']",3.2992418560557484
"F3_50,F1_50,F0,F4,F2_50,Duration",0.9081272905981567,"['e', 'i']",3.3462159092709527
"F3_50,F1_50,F0,F4,F2_50,Duration",0.9081272905981567,"['e', 'a']",3.3556131473800477
"F3_50,F1_50,F0,F4,F2_50,Duration",0.9081272905981567,"['i', 'a']",4.434063438342118
