Filename,Subject,Gender,Vowel,Word,F0,F1_10,F1_20,F1_30,F1_40,F1_50,F1_60,F1_70,F1_80,F1_90,F2_10,F2_20,F2_30,F2_40,F2_50,F2_60,F2_70,F2_80,F2_90,F3_10,F3_20,F3_30,F3_40,F3_50,F3_60,F3_70,F3_80,F3_90,F4,Duration
e_subj66_m_seso_133,subj66,m,e,seso,100.7049416233218,369.40708646764705,377.2232241047032,378.4990823674952,361.7409181028851,347.1420211815352,346.953869252028,344.6671632028908,338.3514407363627,318.1510513997764,1773.1491498316873,1784.53062580342,1782.6533211469527,1782.4108546365753,1786.3282823735005,1785.7739367489903,1784.7901242976286,1775.6735299312245,1758.0147622939849,2590.257945365515,2582.8782924809984,2573.9000166845954,2583.438796650332,2578.7485348729115,2557.9746075767866,2551.1732484323566,2554.9128119811926,2547.9313810196372,3918.561259098446,0.10766746690406989
u_subj53_m_buque_56,subj53,m,u,buque,120.7990565934077,356.8846970403895,360.8362776670115,358.6521651664329,325.28322344169175,289.5017070124695,317.1291369854429,329.0345850393914,298.3479179580497,205.9780025108761,832.8619018580214,824.2057345007712,816.3629295467524,770.5033451920895,766.8350110267961,769.5480122033576,795.0508224984817,782.8296688848462,810.2796242713877,1816.7502286789631,1626.9502086766322,1777.3700276390007,1673.1400862871396,1621.7170579783015,1842.4490969301,1816.4017853468156,1661.6866628920518,1608.9624925342237,2411.877095702699,0.13248274897910192
e_subj68_m_seque_280,subj68,m,e,seque,105.31797102543155,444.45804642883934,436.73611818337906,419.4664247519596,410.75006566339624,419.9128880244844,400.0252269669105,398.5110000662344,360.80862931593515,230.92035333580694,1976.0851528053593,1949.6283522517267,1899.758515385357,1897.0065274875417,2005.8735125648,2124.810890175363,2199.0707890550416,2278.1821886589964,1133.5716746734445,2475.0545607799754,2397.8067464749606,2346.2671842009113,2339.570519808976,2299.151812238982,2395.6253610935464,2530.1748421621764,2560.210452531667,2327.8713309375707,3754.1606517203777,0.10640391527513202
a_subj62_m_bate_272,subj62,m,a,bate,155.72629478452458,635.08851939298,641.0484657900339,631.2093668321004,656.9496784456132,669.8311283878205,643.082932278173,568.5573356599359,477.64569250011704,392.5620154514458,794.7361096215609,823.6069580729735,866.8477029977788,867.1665342398787,867.3218333054749,850.1757313205512,813.4019388878012,790.7670009387462,777.7878130105274,1396.2468863909526,1432.0505131276054,1439.9784778619228,1433.006425056386,1491.5482553686925,1518.6818276950655,1530.3798920913482,1549.412166349895,1664.0151000665805,2489.7991398519434,0.1745929725066958
e_subj58_m_peca_89,subj58,m,e,peca,0.0,528.6717221529358,517.1171640730671,492.99023287267244,504.7517441138299,496.86476110533755,462.2871868373653,444.6454405392563,407.1235154680278,406.2352675746238,1723.1907842312266,1746.01516218293,1740.936735250998,1761.094691145205,1788.4289260434464,1821.511573263361,1840.3849836053878,1861.8092607795977,1877.563741141312,2405.6647929942724,2401.823534959522,2411.300444545885,2398.370629269431,2370.4992227402317,2289.521811099154,2229.928874817842,2308.7334408423935,2335.6102201596836,3198.5733742994103,0.10905916427516046
e_subj76_m_beta_266,subj76,m,e,beta,130.84055250688607,505.69458417552687,511.9442142996751,520.2088120050104,532.055653906935,545.3059056982935,547.3957007924644,530.0560684725006,508.90176763628807,484.5185709818507,1706.8007217093916,1682.928090586622,1690.9107316863442,1688.7660138610727,1669.1425280944864,1672.0485201475167,1669.7865546251824,1674.3878552590274,1634.414933092661,2377.6229393754043,2332.1172524491726,2324.3657118372666,2308.816486523694,2314.1155191710473,2312.9343173743746,2373.5433668598157,2376.710799594568,2342.4031267828373,3450.2709379920952,0.1285309894226657
o_subj45_f_toca_210,subj45,f,o,toca,203.70101500687903,451.44309540748776,460.60141039170185,456.5245674898606,445.402255878947,436.272876926563,428.66482503568756,422.79460508558685,415.9289958012917,411.6524289636282,785.1254623816848,784.2153675732121,757.7279305231294,770.1215911959899,785.6981041054329,824.2014500918264,852.9169446234473,864.4554975427142,860.7574451870432,1398.3015784073964,1254.8696230429898,1211.968739647154,1205.1826465051097,1209.4431932954412,1163.5123625276492,1096.5564741398105,1047.289951427196,1037.2878655216243,2354.872595299154,0.14048367957854568
a_subj78_m_bata_91,subj78,m,a,bata,125.16919767102458,647.3143179166249,651.3018396377256,658.44389747651,655.9998578583393,656.9996639710843,656.8596506468307,659.1381861474525,655.4830404789473,643.3745595655852,1309.1797394246398,1284.5183051109093,1291.9912874000424,1286.775611261405,1315.4903509154308,1330.8671523670785,1345.0572868974243,1357.7977111467897,1364.1393692202796,2459.0992868063913,2488.2057817968066,2504.4865457225355,2516.9674897551795,2516.991252060881,2519.8066355363135,2534.2645896497975,2503.989907231362,2478.2296970269927,3052.596028077795,0.09657375091355788
a_subj50_f_saque_77,subj50,f,a,saque,186.16398720868617,574.5742730721432,533.3461975923927,459.5325438832287,381.13167040233844,349.36577746243023,356.9780311311725,291.24410997406375,239.00308049738283,214.61290538680626,882.8622365489958,924.1369120616396,926.6293012850376,909.4051330900845,882.3799788974226,868.0050457521654,1022.4241317073082,1005.1148110733845,935.7969900889892,1699.5543431566055,1754.4821282248058,1719.5972358714407,1694.449026929935,1718.1497455051876,1728.0670651289288,1693.8986499271994,1695.1693821030708,1669.224587223792,2137.1322816725124,0.12851961139495813
u_subj36_f_supo_235,subj36,f,u,supo,290.1573322038182,311.9402228913074,324.45607818523393,328.95093630778695,324.65298701600625,323.11592923824037,322.868950411303,317.96994801010703,288.3803573993306,257.3184062500967,721.5759325121251,760.5402177936428,775.2015617614761,777.1375495578579,801.4821564936262,837.1208455429017,850.7803073712864,791.6172554384781,828.3849901801251,1696.3398614930309,1544.1028555716935,1211.5968552369259,1256.2498560673255,1263.226716380501,1130.1588388296693,947.4858365811035,1228.5989267731197,1262.6094399406845,2213.406226076453,0.14066140453720666
o_subj49_f_toco_233,subj49,f,o,toco,217.74527674238473,348.28736329646097,351.0991631144653,346.8932797223181,341.0206060866295,334.7211810524376,341.2842102235224,345.5437024764839,354.31728009699276,355.8784355722965,675.0542275893072,686.155569248179,711.5486137154054,713.9962149774555,715.0098561816814,724.6225714026434,727.2172629511988,717.5247139981304,711.9822491891972,1310.2517855461238,1288.3905766068501,1268.2777054258393,1260.2692680703094,1232.2857529586893,1185.1565042263742,1155.8859740864148,1116.7781648038151,1109.024158683991,2548.597697005634,0.08323794477313981
a_subj3_m_saco_204,subj3,m,a,saco,114.06372611225261,685.7765739513474,731.9359945156857,747.9788444393952,774.37957522856,775.245251980744,771.8604614644058,752.3917549904475,745.4894749494208,709.244232951997,1472.6846530340822,1456.7685789317711,1433.5137265666208,1442.5788655368904,1455.691874125181,1465.7697671711926,1465.1754447222652,1478.9944112724709,1512.790789529466,2466.14224768511,2361.1820420721842,2321.6455377101447,2351.074792908567,2326.9941438005753,2324.078633042795,2301.8833164338944,2293.517655867781,2277.5094448401455,3078.082736329385,0.12860790369830397
i_subj14_m_viso_140,subj14,m,i,viso,132.20996814325596,280.4943222882669,271.1516146522638,265.5145347899778,266.46907073747315,266.50651179876684,268.8476413105517,273.70282502101986,280.5785822349752,286.7941470610021,2013.2196120908068,2054.7480439981605,2095.433395669234,2089.6080709120297,2109.127795235839,2119.136867272299,2094.3376314479965,2031.8134377882566,1965.9116878865234,2518.2763533427437,2560.118548604469,2618.008218723419,2527.493245673965,2503.5580500365586,2505.9460006785744,2369.3716651629047,2391.6933384525905,2397.8106316491203,3164.380108149769,0.1358589434843168
o_subj25_f_toque_273,subj25,f,o,toque,211.5660409752028,413.32629815230086,418.9176392534632,426.7744719862515,431.92971840211663,433.9615740437228,420.0337155991145,404.0715157478186,372.8684162282546,345.8864659223537,659.0165846275466,678.5915449873181,680.4754511941516,689.420302908492,695.9700109511951,678.767868632905,670.7868923537277,642.7022312181184,609.7627929717534,1370.0707138896098,1250.1259520312608,1183.2534256214717,1147.6736156732177,1132.1161263209892,1070.017239564701,1032.4561312208186,1018.5448800116582,1055.3209325350056,2072.0215791976716,0.14993193497823543
i_subj41_f_quite_73,subj41,f,i,quite,206.07118391159798,407.68671420577965,402.02881435646526,401.87470194967943,396.94640874433105,383.3461809319039,369.1355218216644,355.29401542672883,338.27505374663286,309.36892564319334,904.812980220715,914.1241397590618,1131.96573346223,1331.3063331252245,1675.6465420377954,2003.9690560549168,2359.533376427024,2634.852869125141,2695.0624736163595,2601.775822002685,2604.0546238482493,2609.763641802479,2658.1533542198904,2661.789906332281,2637.282487484756,2649.311236997817,2777.5546151530752,3025.047780086839,4095.745504725643,0.13634987673521834
a_subj22_f_saco_55,subj22,f,a,saco,206.30440959110666,590.7151051016369,485.2288537819963,443.15172499480127,482.8513361504316,501.5520010073053,560.8084122066922,633.5608590603987,646.2867690835036,531.0865778215463,914.1128232669273,1008.6987060161337,1020.2808581339862,1012.1804285487124,1025.4910595114145,1044.4581380610869,1063.8316250955322,1061.0803025666946,938.025608465668,1773.4614844846587,1459.3037224086133,1632.8111092566187,2095.028359241572,1621.652549638484,1570.0942043978807,1680.643567567677,1690.9132870080396,1616.016935167688,2233.578014563893,0.13964547738074062
a_subj7_f_saco_238,subj7,f,a,saco,214.98163995010617,632.3039276994317,635.3440431973982,707.5731213570732,657.4498538915378,561.8858370965432,462.37109288388973,369.50170131385875,306.43785302110376,257.5059668391619,897.2383628762437,882.8604111129272,914.0248303685281,975.8999012537623,988.8107910609829,974.8986545213758,949.6584729142567,972.1527868165438,1035.958978711116,1518.0969416899213,1482.2987658608472,1476.3060490690475,1513.2813439391807,1463.4219241002945,1337.514061083131,1489.0622396781002,1718.5161953561062,1733.1268115109476,1881.5522698726327,0.14621103395554658
a_subj78_m_saco_184,subj78,m,a,saco,0.0,647.5131072740431,629.0194582788131,560.5431982103121,463.7733496601351,432.89556544150184,514.9523630620389,598.0227823791206,650.4179854407005,631.7568356432605,1487.545632556477,1479.4656188380543,1454.7303179496944,1454.4518258946803,1454.8512217647012,1457.710079041051,1462.4316564951387,1474.5145245449312,1469.6197365547027,2746.1323076629947,2807.820413470204,2813.5568513444446,2745.442664343817,2688.482577802907,2578.1712300991403,2596.5266645407237,2673.8876107776655,2664.9160992682996,4047.8050410818782,0.09394916902717795
a_subj25_f_saque_261,subj25,f,a,saque,210.23562093821823,499.36120161721306,588.0736668198381,583.7669236251444,633.4234600128193,663.6307659847639,625.9511379438972,557.983685014584,515.8955793999738,497.08413823996005,866.5369506239917,904.210990358324,932.4421922427326,960.6205329535898,933.1844387727424,911.8966930819477,893.0566736670471,874.6572078598907,813.6522887807325,1805.3229885770297,1759.21947173425,1581.364002073177,1669.9263930318066,1707.1373768331175,1725.101462663823,1787.5725333307753,1807.5559539565886,2066.132348125961,2718.0175055323466,0.1771960265337157
i_subj30_f_pica_44,subj30,f,i,pica,236.24363161216718,248.90247798761848,247.3261514890466,248.32919712681903,250.50199443582613,249.07354497382556,248.9485305757922,247.2103855137779,242.54280895629606,236.23690829654498,490.8829229024994,488.73525868247344,487.597595465059,487.39052130351035,486.9012082547614,484.9913670100674,482.6964437440507,475.5700177381656,466.1411859174777,1812.3600818723928,1851.6343914793263,1816.1122682937826,1714.2200892055134,1726.31800570801,1721.2526340004408,1826.136256525887,1870.1123603933956,1781.9801539756058,2134.101251609258,0.12072299766679748
e_subj61_m_bota_117,subj61,m,e,bota,119.86246198485755,476.9064779180073,476.55250527219835,478.3601385320609,479.7280971839457,482.9643303565034,485.36263799437455,484.66388718157384,481.52274521181107,474.95127513429753,854.0472237556871,865.4060299658757,883.3267755204474,894.7005742414295,914.5533455013124,936.083349503545,952.667907312521,964.4424669616957,982.9356333403076,2629.2745379317366,2648.47657366538,2730.272669345966,2752.7269987639966,2780.224149640574,2771.731960469885,2778.5766362443615,2803.216779656675,2816.8168176657077,3367.008220622129,0.12570992053056215
a_subj41_f_vara_50,subj41,f,a,vara,189.8091772847852,805.3553692778306,851.2762944367262,902.3322150355524,895.3356057941894,903.7309513149647,898.1670318976173,900.4738917830276,891.7394602319973,874.1675793492869,1331.6338847437357,1251.4893264328787,1351.3227327911372,1408.121282100038,1463.3027383542387,1520.4099434957063,1558.4963649240653,1548.871693360875,1514.7991183683391,2351.90550369739,2357.948220602502,2389.0452918853352,2386.0452775667572,2330.093823531307,2318.398970638357,2367.579453770919,2429.962406677407,2319.9083392674193,3491.919691659164,0.15585756445532584
e_subj65_m_seca_51,subj65,m,e,seca,93.7724327236273,545.0684038961565,563.4840368058524,575.7216502840205,565.3455516739415,549.7687568213789,545.6966806067129,534.5789508313011,508.1370975055288,471.84014009971884,1491.3268982926174,1519.7212150542452,1541.3414871864286,1558.1559265782769,1593.5169755190875,1653.4726229606931,1663.4446108807333,1690.6804530607333,1760.6287406122628,2033.2781482923388,2041.6375139004072,2190.775750952784,2279.6129510816513,2302.7482662883954,2280.419964349042,2242.7451442303613,2210.326961027585,2167.9553240120113,2408.8976098346134,0.11750191285721598
u_subj73_m_tusa_75,subj73,m,u,tusa,178.10563855962047,300.42646238492335,301.5142269013482,290.6140160116847,283.9855167658783,283.1966545992899,278.04545722387854,284.16932985272507,269.26850233010026,226.20988981504132,851.5030882710006,822.8395990056313,817.8497438340987,809.4911346153125,828.751094423548,850.1526738886323,953.8885366399404,1029.7617139626236,1122.650107937882,2433.4283202091046,2472.788257978468,2465.668957232049,2581.6524762625722,2533.860737011267,2492.1936325386023,2477.930069732109,2690.4593335458485,2556.225499910829,3639.698417066277,0.13663340194028137
a_subj67_m_saque_214,subj67,m,a,saque,106.33667349263688,568.5973074149313,570.4786898291054,563.5634544307549,567.7730469103698,562.8676894913899,527.5409448439432,515.9453972766021,489.096510851043,477.61549811386715,1416.34689779938,1418.690277141157,1430.2795380660687,1442.8559605587113,1447.6822404118652,1468.6017894128665,1484.1976060265454,1497.8762062703913,1514.2568172170647,2539.448398700663,2524.31072337635,2493.0262369147513,2492.8340629934496,2494.61727536111,2487.115258700426,2481.8779537403093,2466.3649722041,2449.4791881019037,3941.2041856737524,0.0843175124594154
i_subj47_f_quite_224,subj47,f,i,quite,256.40837300329264,264.6634519202433,264.6634519202433,264.6634519202433,264.6634519202433,264.6634519202433,264.6634519202433,264.6634519202433,264.6634519202433,264.6634519202433,563.6251355206326,563.6251355206326,563.6251355206326,563.6251355206326,563.6251355206326,563.6251355206326,563.6251355206326,563.6251355206326,563.6251355206326,1649.6644610998399,1649.6644610998399,1649.6644610998399,1649.6644610998399,1649.6644610998399,1649.6644610998399,1649.6644610998399,1649.6644610998399,1649.6644610998399,2401.6560179809385,0.05043611692843228
u_subj6_f_supo_216,subj6,f,u,supo,223.5966598947139,436.42864128399043,440.30829633889954,444.12330882432656,441.11130390776174,442.9439569872069,439.81580459984696,435.53353116879356,421.82361042859037,266.7219574979711,1520.2202774601046,1466.2105792556154,1427.8069781323957,1411.800999376812,1325.555652487254,1303.8263729240007,1209.9770688213075,1084.0469287955311,1198.3839166147259,2225.9081865956673,2479.861743984429,2399.3161732527974,2529.033167063536,2549.397859507652,2428.350162611018,2403.5607153262536,2105.7196967512505,2151.137615534621,3015.0041016395303,0.14454240468131163
o_subj23_f_voto_62,subj23,f,o,voto,222.85220355805882,475.8539290364669,472.44851480114613,476.338846502905,482.48579556517456,486.2792398500428,493.5841841689541,501.9658873507622,507.25615018503316,499.3476217879686,949.313099394139,915.157551257096,912.5681518758557,914.150393317164,924.2799566390302,962.521514499497,1041.4559142752407,1130.907035959262,1155.1527076736113,3054.0494948406545,3190.218831353601,3164.7738617636273,3353.1096257425543,3342.8574266619603,3236.194159606418,3212.317795603933,3189.627457374024,3195.074147489987,3916.8074016546702,0.14011095390558526
i_subj22_f_viso_212,subj22,f,i,viso,251.42888983986657,292.3690753895678,294.1875134314525,295.912695060493,290.9929394106059,286.72560396917163,290.66139335310777,290.5196272376226,280.3787857887735,270.91080873647724,657.3185280504898,691.4787932063148,751.450801365181,735.0140274292773,742.2356632884567,694.424435864077,656.2442210820611,608.3336979959741,586.0413776967147,1693.086489329661,1682.9321940700272,1723.5084335655527,1709.3035219356577,1750.1370794292645,1649.0477274460127,1636.7129844720507,1587.8453838572918,1622.4967929076329,2761.928023505496,0.1404274026784208
e_subj22_f_seso_189,subj22,f,e,seso,241.28944211495457,480.08535903571715,511.82028881501145,549.5241921057005,570.9378801900783,533.9872918020912,505.9682404306371,458.0104321743467,412.60978472277515,374.8426839307139,754.3348407535142,737.1376434340802,724.8964167516967,715.2480910559686,718.0321900880318,723.2918980447142,735.9278146697528,732.1785718367855,718.8383348667903,1666.9227205278303,1753.9237519954665,1788.8774401174735,1783.1617807501405,1709.555299452013,1672.3670077666968,1638.770011203545,1516.5868822260438,1359.6708195657202,1978.4720672770034,0.12876769588978618
a_subj76_m_baso_61,subj76,m,a,baso,118.75258375522944,715.7321053459194,706.8305573024,678.4246423696544,697.0244200336971,680.5591546513134,677.4416244681306,668.2417135078003,661.8030159502388,633.2784868666291,1282.7044473602614,1275.1619484037697,1247.0288800333083,1273.6825846557272,1254.8101956187322,1331.5847378267215,1392.3957973918775,1419.4960392030514,1471.311271212073,2074.0876068838397,2071.833000465064,2117.6988282448197,2092.45617175841,2134.4549650126423,2238.495506552161,2265.678869957691,2206.692680979498,2307.1808379843533,2924.428170657531,0.1629473094601096
i_subj37_f_pite_236,subj37,f,i,pite,236.84343912475413,253.23554381277626,262.84545107425856,264.24388330414354,262.27069031640275,257.2550171609123,264.046660578543,278.07235962772734,293.6967949633335,300.6265414833943,502.28414790455474,499.4628364684832,500.9474113306351,507.7983624061072,505.8825941679736,503.5054083048861,504.8881244893069,492.4019698848408,474.7743646804075,1979.2353748566247,1900.4502531678481,1975.782793423152,1892.7323234721239,1899.3707699951162,1867.828763886258,1912.3787275952097,1947.4009834414985,1967.7075433577518,2682.1501669516724,0.11339390354768283
e_subj77_m_seco_59,subj77,m,e,seco,100.58629926957236,521.89201863527,520.9725168083681,516.0960590512445,534.3155862519222,538.2502682898681,531.0912195566782,517.438797716605,497.6263102340448,475.1175928202027,1645.7415020018673,1711.4548140199197,1752.3433439351204,1733.6945670472746,1694.3941302900037,1697.9266965680472,1704.059886863374,1755.04730116297,1739.5132133991237,2568.684588985945,2606.4123885846507,2575.915361075143,2549.0803505169724,2529.8037145084754,2503.743608172846,2529.201319152429,2516.919436799543,2317.4010450009687,3526.2737318343184,0.1171729706159482
a_subj4_f_saco_260,subj4,f,a,saco,203.38293371519728,516.8750326349625,575.2084989903979,601.1224082549154,646.756020460206,655.7019419017029,647.0347318771791,493.4286067442218,494.51017439291496,408.63445872262815,858.2598095614667,909.0965669987136,957.3692118622942,940.429184186103,922.5511209548439,907.3696861265008,878.7271833442899,811.1861782134865,754.9570720065948,1827.0046997114798,1806.4549148099,1777.6965298074444,1829.117763513873,2003.4604411544838,2186.129212420822,1985.2439045428594,2011.465603108889,1931.9865854083444,2566.6173290245647,0.16263071932459072
i_subj43_f_pica_297,subj43,f,i,pica,246.5760221511176,330.1805728996677,336.52966670863606,356.11926394370255,359.498812522069,360.8739635797672,346.31358383186017,331.1253041148473,304.0650818857412,321.525491781397,2798.0563923102527,2863.8667550102855,2877.6328991293185,2899.3022593862465,2919.275400666705,2972.2956931101585,3067.5090382553703,3038.956972082671,3001.6630893149963,3499.1731801507062,3542.681080633351,3505.858262489959,3469.6145940673823,3569.7632810377468,3346.234473453069,3692.524864543543,3559.0522434958325,3555.9495222866362,4039.4295380641815,0.14218469390461907
e_subj71_m_veto_156,subj71,m,e,veto,128.1914737766486,484.31330571301663,494.1178058674965,502.7995554051272,509.14260852863947,510.20509948838617,513.31634224579,512.58584575215,505.5648369907846,480.08649333494014,1759.6739037074403,1794.8193694132733,1816.3063582371683,1821.4098642112854,1796.748962910485,1787.8720587344471,1791.9083465780595,1786.5860738323438,1753.6115782459435,2505.6515464686495,2552.1425407331635,2579.8014630524654,2586.248734498484,2571.6048402647652,2590.9693528081384,2615.647185007668,2632.6746545827473,2644.7634518542227,3432.4894026616357,0.1469219788952728
a_subj63_m_saque_350,subj63,m,a,saque,109.72897589683197,590.3709607850576,603.5153211878983,609.9224068374615,615.0673027055141,608.784629963349,549.292211465501,541.1189149185417,509.0525482177178,466.41791897182895,1373.8118488600749,1320.6673734614685,1281.4080295508982,1313.3732224750693,1325.240652820931,1309.244332119659,1326.4054653143837,1383.9660891521928,1474.2503195716447,2729.278472127116,2735.872124018316,2638.2550045486764,2599.733752006525,2590.923830340598,2450.479427912541,2607.1221991831208,2325.6247344188296,2453.242433401113,3569.1912913316814,0.16400936775928587
a_subj67_m_saca_248,subj67,m,a,saca,106.68288110129906,684.2482720912743,728.2622654893615,709.4807020879066,671.2348136633168,662.441721332941,629.0395961382628,615.8463461494716,599.1517301480561,544.4842902364139,1356.805354309646,1397.9552042701705,1377.0685610497633,1384.116089078014,1411.3971521903734,1431.8694367690111,1520.0754926601892,1629.034131495321,1666.3656421107175,2561.3169930648514,2652.327430583464,2516.378102013651,2325.3774643762936,2296.5249392227165,2244.8646428628717,2227.475316231136,2307.236457789519,2166.3183983982876,4198.42116933927,0.13810852675507024
e_subj72_m_vete_208,subj72,m,e,vete,128.24046896208768,395.1749106085865,385.50475184906713,390.86514741171794,402.9099877521199,396.8977236399756,393.69885580818584,395.47910957168864,395.07252854394005,376.91301092116106,2029.1535684766004,2043.8087830709833,2045.5631588426618,2044.956614638573,2065.32540318073,2071.5029743233126,2045.647910797977,2036.4881984753329,2039.8961498437627,3134.0478202805984,3068.2496721941793,3066.456241135416,3101.623708026372,3134.8731501146494,3139.6452878788177,3128.0957690189207,3118.9283088949996,3111.0367343056832,3895.167236823751,0.08686965841706637
e_subj64_m_vete_108,subj64,m,e,vete,109.9310421304161,412.860640623855,415.52636316518215,415.9924084097182,414.9912237417732,415.4340232112727,412.6006634592105,409.5940512948035,402.1557267412879,399.4804661018755,1751.1975166764648,1767.4817423546037,1819.4571905606504,1840.7071939968328,1851.6866222024557,1831.0906583616315,1835.2125474557856,1861.9471932423473,1857.4573849821481,2287.5440592383793,2303.4837745220225,2374.5380317706804,2416.234040512614,2444.0238840444704,2469.104325737146,2474.9463733325024,2497.8169599011158,2520.219033534842,3350.4725770038763,0.10236306238940926
i_subj72_m_pico_223,subj72,m,i,pico,126.6639876670734,358.78675739832926,362.8743042994931,367.0401091837486,358.92171882717713,354.512233532322,358.2716007499384,357.123581443884,361.4632395392379,359.1860175268659,2004.503883730762,1898.7927574302428,1933.084806180482,1880.453428533473,1967.9995617107552,2142.1384469118593,2175.642816285918,1942.1571297022765,1660.4780526641323,2348.3197416127523,2344.532437334134,2362.7664127484345,2374.737820565648,2360.536703765689,2324.96456856051,2321.913467977743,2409.364064371625,2430.5648970950338,3115.90479133913,0.10440796863246646
u_subj31_m_buque_310,subj31,m,u,buque,114.72497294549407,266.3867816808903,269.5479144565591,270.0940759821647,272.70448958428005,274.9416982866051,270.5547676298634,262.262013569313,261.4722573445476,254.97449723057952,797.785825225664,799.2454174807444,783.2522273587817,767.4820788978396,771.1902627838391,750.0603883671931,750.5387715713763,773.1938403145681,777.0528004959252,1680.975321188388,1736.1833456718282,1845.9942101337967,1897.2855609870226,1944.9221183878026,1923.462974760179,1911.9194945392994,1887.4264972173899,1828.8157047554869,2545.175723886403,0.10281100071161972
e_subj42_f_vete_165,subj42,f,e,vete,191.9793869318226,432.61563724044066,442.58153470584705,456.21180666606006,444.8953422694447,454.8460781221739,460.39075478151386,432.8380409789805,430.4002483951594,414.5274700100072,594.3687659719333,590.0701415043725,584.891169776308,582.9997063497608,581.6557663718547,583.2614249173542,593.0394030008811,604.5239061366592,629.3437187321679,1595.2132233766772,1612.8361012077091,1569.0833946946736,1551.2513659609074,1583.0398888743255,1591.4614643787295,1542.5145229562356,1611.0607717768328,1630.399789178951,2014.862170762207,0.12584898808628395
a_subj18_f_vara_184,subj18,f,a,vara,208.87809100120094,436.17202498344943,461.4821107748484,480.0151042865728,492.91988614200056,514.4959185407552,537.764647015744,554.4542517958537,578.6769393482867,564.4743653966485,886.4906998133623,889.1127180639808,936.3812461297166,962.9714519922155,961.940210661103,948.0847034204959,929.4324031047214,898.2466757734015,861.5938118742682,1453.2002958763906,1483.7124636821395,1449.3297003486164,1442.5754994921672,1459.004834553442,1452.9336927955696,1468.509362104596,1497.096712459253,1523.231906426239,1816.3781242609107,0.1865569082151467
a_subj27_f_vato_250,subj27,f,a,vato,178.73031226444726,706.2128349770124,713.0575337602589,749.6544870275291,760.9462936913545,765.5678066712717,761.8049314165036,728.7277103734696,705.4926361861503,665.4008931621842,1342.211980622018,1489.5803696868134,1461.3093293510403,1416.1138907782113,1500.7471918051676,1586.2149564338363,1574.1880094852047,1658.1907930293464,1780.2079991796513,2864.967016007834,2924.6695652626945,2909.6339144335598,2913.0863152349393,2871.143094713812,2897.4000026632657,2873.0220374148735,2927.3223251296117,2812.30663356362,3922.190625053044,0.1732777695988773
u_subj10_f_puso_164,subj10,f,u,puso,213.90348822947962,411.9476669578009,388.4796757817901,395.2471178599242,401.1547570434353,413.1778058713183,418.8533398843334,422.1471959209215,421.61574755740895,422.5666578459241,1048.823500061653,839.2416803511212,835.7077176418211,867.7672442622011,1097.3188653794714,1143.632098765202,1116.808101067257,1139.472902310998,1171.4931416151992,2025.5629629880145,1987.3354072969857,1963.5764501508404,1758.0980637763832,1711.8787719360666,1854.7652622680107,2048.302197692909,2078.7582784499555,2014.783999720885,2937.615297124322,0.1102801068264739
a_subj66_m_saco_48,subj66,m,a,saco,108.34874938237314,689.2713063874364,685.6122730010716,671.0214745316996,619.4340449900268,572.5721747785763,645.4818170483583,688.1463361214029,666.6315169288982,541.7203770226877,1393.1504711525452,1282.9449292382262,1175.5125247960445,1110.275850775542,1061.9159155447671,1133.0121479895406,1154.132274605989,1133.9407267654924,1046.5203757135077,2435.0339166312106,2141.945575199939,1893.499647113101,1808.7850793761763,1807.1861970989871,1845.1712814295934,1797.6871619578465,1698.4923351419134,1692.0796888219177,3707.880618925534,0.12273128092960803
a_subj36_f_saque_146,subj36,f,a,saque,248.51411737625554,436.7395176963766,509.0363748601402,584.8588278347296,555.5116276786246,559.0215040951714,544.9056610231675,546.3855734869703,484.7859654724613,401.93264557827104,785.6307825586105,798.1636634682815,843.9325769630238,887.2787940784208,892.3835029349689,866.886890388032,825.2887699862787,811.5163592158475,801.602044856517,1521.3537363426785,1506.1667362980543,1532.3850238549458,1578.2983574561251,1694.4289019948333,1750.738298752285,1845.6195394088454,1738.965094092066,1618.7272347734668,1999.767535111626,0.1324680492989728
o_subj33_f_toco_225,subj33,f,o,toco,217.79546410747034,441.1179674557246,436.2676072293019,428.8893138600195,431.7456753578456,426.4557035076155,417.1644569379806,412.7981639467172,412.727046876954,413.8951142894079,1466.4773335877499,1337.4863644174654,1218.5126329882687,1204.8212102360367,1184.3303319813879,1106.076545844919,1042.1224473041973,966.1874679345857,890.1645941032127,2500.9971695275995,2438.071611455069,2345.9237032573697,2393.680065775315,2333.3550402501533,2315.99727545054,2296.3061515418335,2319.3608021877,2318.997688780316,2984.620498330593,0.13090787652529343
i_subj5_f_viso_121,subj5,f,i,viso,106.41701546887091,423.53649565178637,421.7097277819878,406.8143643455022,385.09742722562333,374.78334259017004,387.39737197160656,399.8319981096759,387.07028060493036,370.14930394883584,2074.49549371599,2384.5865255631256,1701.8316359819833,1595.0265519367888,1585.393817628632,1625.7262977058024,1889.007464715234,1762.793701814276,1640.778281811518,2535.387136297636,2565.74972132354,2644.4154432048313,2354.712601140928,2372.8662204607335,2667.905532979148,2617.8044541815407,2651.877838230695,2628.7287774085753,3087.1707538090527,0.11213751754530107
a_subj80_m_bate_366,subj80,m,a,bate,125.02167410523413,410.8881943313047,366.07813793572467,330.4199278797702,333.38893228964923,342.6262351450488,358.1978253967854,353.2232188357821,352.3364493067307,364.0524641410454,724.0963123002396,733.6951857742548,738.5957633511767,738.5522993161244,738.2363313745202,741.0860201992512,740.5616385225215,735.3851744083777,739.535570737145,1343.099021515233,1351.5849576429139,1355.5389291756744,1371.1936217322477,1376.3318627327344,1404.2489322529598,1425.943269101607,1404.7658996602236,1400.8221300115645,2003.306204547442,0.11504417436858602
u_subj22_f_buque_161,subj22,f,u,buque,238.31955203853107,309.0749181321889,361.78830242280486,413.0337359245989,431.1346229666965,438.9564273313103,433.3646671205684,428.88295560133895,407.584937822627,365.51213428082866,927.9963452678595,916.4799712556209,933.5732242527773,950.5297304768976,958.820612227017,958.8921016596254,955.769344179777,946.0217319228229,903.898673645044,2180.800403280148,2995.535184382909,2702.0130546938376,2726.4321781949957,2766.5158675875396,2804.8485107744727,2702.817267528921,2659.233637025249,2622.624734441692,3215.149489969046,0.14932462403930347
e_subj22_f_peca_152,subj22,f,e,peca,224.38891807588806,484.7593247183585,530.598038063753,563.5476147935389,563.4514760724124,559.4301418846452,514.0785980741505,490.833112382618,471.8872149329315,457.9501587883564,717.0312955387992,681.8500797716348,658.1525157851534,659.5694881633784,665.2997857391825,705.7853082736826,738.9644942000348,763.5373168562802,800.4639299618038,1694.4057911451387,1745.50058685917,1802.088727198355,1806.1764508004578,1787.3752178303075,1760.4085679837758,1786.2420403426895,1802.0681518742952,1865.827454439883,2326.704325804151,0.1273458971956188
e_subj31_m_seque_186,subj31,m,e,seque,110.23544497774535,436.6650834521352,447.8686273545823,439.7330751323889,439.4715616839759,424.7322682404802,410.3199647754631,384.02481172745837,379.0107908512403,356.4796478548022,1745.3997197475028,1767.3952364555792,1830.8615505499208,1867.8730774451114,1894.6997702325134,1919.4174637517344,1976.5594079649893,1974.4281123868998,1988.0689743378584,2688.5340157084893,2685.9425797361564,2669.175589731482,2654.0991678366286,2620.3571141666966,2602.2482556922505,2563.2764492496995,2527.3717544864403,2449.933737101445,3387.6637196296933,0.10078264457742989
e_subj72_m_beta_104,subj72,m,e,beta,125.41273399713769,479.7665180601952,485.59774255283907,489.9945712601349,490.5485334522383,490.48740209417946,490.82752597769877,487.3643165419697,484.13404380024815,483.8912242844782,1946.4008350286256,1975.5555243010922,1979.0371937570208,1983.9811864337416,1989.8151740741985,1989.3701213958218,1985.4643420561529,1966.880173593956,1940.091602409705,2638.830198898875,2783.422823271193,2810.1612116739316,2835.990724535456,2872.4968073270843,2937.0907985148956,2969.4787548005047,2980.55438733924,2909.976892045661,3252.5064253380947,0.10885798345472039
i_subj50_f_quito_131,subj50,f,i,quito,199.67665142156284,311.82581692530704,308.82557034476804,282.7467898784473,256.0620594481404,253.2247455686766,249.51048659115804,243.8335113496119,247.15243987995228,270.66879755100916,2072.2958581722373,2521.0086060913904,2343.1955098445583,2118.790790488887,1671.1229076727552,1508.3389001488176,1491.984251008093,1762.6207347978686,1739.3701734031713,2865.2077274510975,2858.0839838477436,2827.0990746652374,2838.248558274364,2836.7116539452477,2872.9937565296423,2828.4546579836697,2582.7169244691777,2538.758418428477,3189.9047846537114,0.1091687813336307
a_subj23_f_baso_230,subj23,f,a,baso,107.71329668853916,511.0856351444757,526.8870153409597,548.7515441712405,605.3028729615589,591.1896658547824,658.2853841533122,704.511771938199,637.6079475162752,562.050899986007,848.1497067238877,867.8517259554013,893.9767117627946,917.7795312548699,914.1427168205081,929.1040220943339,922.1563448861536,906.6551993346063,888.4998135194583,1297.951344240454,1400.5034888284392,1423.0102276469895,1427.4453906894275,1347.598379176871,1439.7023228138917,1503.9657683740143,1521.0199224101882,1579.4489527434569,1668.8064295523684,0.17281741768544523
e_subj50_f_seca_112,subj50,f,e,seca,196.61398883765102,533.0819557904125,571.1820061596404,575.0709500249479,550.9314845813628,495.28494896039933,402.8185935961566,364.8610850160184,339.6272923553383,304.3865909048405,657.375235403058,600.9964908640425,579.0117785077059,576.3079338356396,583.1993040412625,599.9781731154997,599.8808013336551,599.9927921703872,595.9639426562801,1874.1114327382363,1833.9404505572875,1754.6708040514093,1722.097434422648,1704.9010616631722,1633.7585766671596,1635.7573369913046,1782.596544120289,1821.7321534070627,2363.8025742286363,0.11599367518980727
a_subj11_m_bate_113,subj11,m,a,bate,0.0,557.7439828245025,557.7439828245025,557.7439828245025,557.7439828245025,557.7439828245025,557.7439828245025,557.7439828245025,557.7439828245025,557.7439828245025,971.3693831251475,971.3693831251475,971.3693831251475,971.3693831251475,971.3693831251475,971.3693831251475,971.3693831251475,971.3693831251475,971.3693831251475,1305.9036728464757,1305.9036728464757,1305.9036728464757,1305.9036728464757,1305.9036728464757,1305.9036728464757,1305.9036728464757,1305.9036728464757,1305.9036728464757,2556.8633562380073,0.04486311235026505
i_subj32_f_pite_226,subj32,f,i,pite,248.08141769083272,263.5195748066715,258.3761715059143,267.45609649424296,262.05306390763633,264.25307717682335,268.03111031477715,273.26377007958484,277.7856630266813,279.3085235582531,491.4309779209477,488.19012290136396,504.3228008474046,519.8411340116318,546.9438678600612,581.9290282681905,628.2894649730184,650.1183381156926,651.3195700753008,1708.6075426538189,1726.6241268053336,1786.3539164457716,1794.1158071659752,1779.533267591276,1725.299545803469,1719.6118020708927,1737.8953456362085,1742.8594025455945,2480.0463312658035,0.16830085135813422
e_subj23_f_vete_75,subj23,f,e,vete,224.74492121781225,460.973708213183,471.94317128588597,478.3655807536913,485.1477053809212,494.62238197691005,497.0357958933006,489.95769982541066,478.436924520096,462.37672495167595,834.2998724009442,830.5639248941236,830.261421915895,829.3611470134315,822.6306537575837,829.3990420641942,840.0728220978691,840.166839476298,843.016647934895,1982.318762037274,1931.3651712224937,1870.688486368772,1806.2134358270498,1781.2937390600096,1774.3633882418972,1777.361660393933,1726.824739782461,1677.2271632537338,2301.217641450652,0.12644034585582062
i_subj24_m_quite_71,subj24,m,i,quite,122.89323650958443,260.778670828587,262.8489997400676,257.97446629221434,258.0920682971231,251.27408773581251,218.22609082067686,163.29250470386242,160.21922225780838,142.39990595894636,2227.213411946803,2245.882356222298,2251.089342560369,2220.53062801838,2164.28410828946,2106.3825323909746,2266.068015952668,2310.6854107186746,2033.9146103985142,2922.5450178836895,2906.551253047868,2874.4748265056246,2765.4446958519375,2613.1735796696544,2548.6756058354117,2359.250830991185,2658.0610510228785,2993.7520500169953,3577.4524794675176,0.10654034840197255
i_subj45_f_quito_167,subj45,f,i,quito,217.00950824210284,237.2147200971982,246.49417961315572,249.32532042109787,253.17731702381116,257.7530668596807,256.7770648701181,264.58161522463126,266.5770138202511,269.09411504265927,566.4903836134733,567.93814037578,567.0437660678591,550.4113236827242,543.622031691736,544.1691974026035,541.9015783811915,540.0478815799949,541.7650747720023,1729.2500841852159,1761.95775605272,1792.3637879719436,1755.7637208372935,1712.0964647879416,1778.5460672187367,1755.3280742429586,1803.6914272822967,1779.5763474589396,2601.730432498055,0.1309173991952491
o_subj58_m_bote_104,subj58,m,o,bote,0.0,363.9618296323946,391.15336439329894,401.66465366105916,402.0001963383663,408.9454976551547,407.7854183268409,428.0392611267222,440.9435730240302,424.34970220774846,786.9897669855433,817.3217346541114,835.9829081586372,856.4081442593676,877.8255499698565,885.500085197042,918.0141115322208,964.5329080422583,969.4915711804047,1643.8138099521586,1665.312344799862,1739.611335917915,1733.0971540224045,1653.8682595493085,1592.9788314283958,1608.830071587478,1746.703863500755,1777.8478894967502,2568.236348831199,0.09489835126623233
e_subj15_m_seca_157,subj15,m,e,seca,169.85915437434926,521.0907682313048,524.316659419593,525.1520546576779,526.7375279254421,531.8954223798931,530.0194581557826,525.1526289881056,511.2045213969395,490.0673479754049,1725.3418498742744,1754.6013895063168,1792.2290894519053,1838.774596055632,1861.952329357456,1819.635818595629,1701.936493150787,1680.5068718934353,1766.0055823446692,2079.2725380888373,2038.771466360168,1964.9174454104932,1943.8528157568774,1873.6534372689648,1888.004392827413,1928.714842210623,1984.6600435325765,2005.334059156769,2631.4191359720894,0.1308162981203452
e_subj55_m_seco_83,subj55,m,e,seco,107.94080649881826,545.3315676188363,567.0235280298289,585.9389252846166,586.5732170691143,580.5656059922085,567.5500271693804,561.0670229941957,562.863564076217,558.4296220630704,1474.707434607819,1484.5271275996984,1501.5574573014803,1502.1669143212732,1498.2742905060054,1503.5465547258605,1516.538145689872,1537.9459222789462,1530.841202961885,2659.646153444687,2552.5265903960717,2528.478325101244,2494.8679942244157,2434.763469570118,2426.3210029319157,2429.910137037973,2433.3943601783267,2428.1717040058484,3645.808530594874,0.11640210907108325
a_subj17_f_baso_173,subj17,f,a,baso,210.78566213343424,494.913165310869,531.9136367415271,607.5372890430892,621.8588688437952,634.3915139550714,608.8708145673195,578.8221126208745,485.03198125691955,320.91783776275474,836.3216132682295,851.2953124266646,881.4760234971591,909.6895723757315,901.4985808824624,889.6910077429477,864.8670037594095,834.3945157465928,803.8466719075758,1464.3978961248283,1466.8890291841774,1478.033758143307,1477.2414100547796,1492.7856103280503,1510.9617119901227,1611.6874007473932,1632.663864979867,1447.3939695159513,1988.1616150757677,0.18281112064198057
e_subj29_m_seco_119,subj29,m,e,seco,159.41536397026957,588.8542376964817,616.8210830731326,624.7162039901935,619.6437347480817,607.266110377179,589.4305848435058,562.7912156909653,483.24429633592274,412.84777858713693,811.3974169397585,1361.780416950945,1330.3832394158717,1251.797299365335,1099.5060033310895,984.374987129858,1567.408403666027,1132.743530546121,1247.7997608825237,1661.3140426117902,1660.5387866895032,1755.8153429415863,1748.249348610699,1753.6748025421844,1790.7493549462524,1857.6400198740428,1834.2747511468247,1745.041796832936,2335.7127444731855,0.11593079251711344
e_subj51_f_veto_273,subj51,f,e,veto,218.68822974872998,452.93323302521435,459.339196395608,462.2389973723423,461.29736317064294,457.32575754897067,452.90624688700086,449.18282290339806,444.29650052698554,437.11199287940497,729.7355936574813,736.6462393596925,743.8605680881378,741.4591867173833,737.5171822729194,743.0143492786445,758.2416061723798,769.344194258679,774.3517220489479,1772.840223814195,1789.4314893267017,1806.6135198761056,1805.6747033151044,1799.027054115668,1814.3171701647834,1849.0067590386504,1840.706910642815,1783.8703618370023,2111.807398370234,0.09152100466055799
i_subj16_f_quito_151,subj16,f,i,quito,259.42836378418315,276.0698743264889,284.6231484196843,292.5879971135052,298.4281299630124,302.7787429248166,300.31457919681355,301.53196488116646,292.97150827952356,274.6479642897877,558.2192263297475,569.2166852023475,573.1935004243026,574.24967596932,573.416013528662,578.7124227914611,583.154159091969,569.8673704892842,549.6658471117879,1645.6357080470036,1679.9036351652808,1676.3552735401008,1668.6066386156358,1678.5415086402793,1710.7644130401397,1699.8731820914109,1687.4985396517013,1767.0033302925779,2579.6994078144276,0.13170288314651088
u_subj11_m_cuco_294,subj11,m,u,cuco,115.15219838539713,335.2048131598345,332.7415329194312,333.5260299633637,331.5890975868884,318.2818529412341,299.02403039242,278.04491463417,241.73183741734388,209.90288511760522,723.4396137514321,707.423465814776,708.4713016584301,703.2397456879593,684.2962217386563,666.236691584508,652.512519675848,616.9822616935954,593.7800593959878,1984.6744750338294,2022.8959344725965,2114.7413240460764,2056.89081802505,1835.6715980509741,1920.811243735547,1885.3135120935306,1868.5741830957766,1739.2562982446439,2349.003737480048,0.1175110345115172
e_subj12_f_seque_106,subj12,f,e,seque,194.91733928401257,405.2634769518188,407.6768611593623,418.5078100624029,422.9392182550474,407.8880984675994,419.9464943857547,377.4544778029281,363.03212873587796,298.5347700068123,686.2672169193413,673.760200229068,672.98309125373,673.4728620847228,676.5745942742725,728.0050779638915,706.7029299720033,688.8638140730142,648.9479891830775,1518.0266781498356,1486.2706526965856,1473.750044286386,1493.7787073601778,1556.3412393512895,1910.7221677788527,1648.8555181916163,1486.0917023217728,1585.5226599114394,2189.82459433592,0.1268303811168124
i_subj59_m_quito_276,subj59,m,i,quito,139.9091890643648,214.05195293474063,216.01152688548902,223.8065644238656,224.51107038114057,236.1237491148541,258.86843310958824,263.06176094437313,256.20891124739313,254.5927315976299,785.6594098261045,780.47223318477,733.7112190669814,694.4772832766189,646.972463291848,671.5922662623346,699.4358290521143,708.8272711744291,714.1447345984345,1490.1107061426646,1478.1810157625957,1481.8245832108853,1479.90174508214,1468.7379233097026,1475.0998436751017,1486.0839062284724,1515.0427932264713,1517.316834852846,2429.239942000342,0.08265140114073119
i_subj13_f_quite_97,subj13,f,i,quite,235.39358702688747,247.13691520372097,246.2139178146123,249.37844396797314,248.99378846919598,246.94400761286107,250.39760767546463,250.99650426319593,252.16868265030274,255.45899364711508,503.70895877774257,497.51070296255034,498.52937656622083,494.37952415656866,491.91583639416285,492.30507842223795,492.2779894170751,491.4963231219528,486.44957773601345,1635.4869322742882,1681.5613816596508,1686.3521627605583,1662.2082722457628,1651.014464644733,1626.603627902728,1660.8394779032374,1656.8086312032442,1639.344620075614,2546.9015362352834,0.1367380444899254
u_subj57_m_puso_140,subj57,m,u,puso,129.51245458185687,309.48425122338205,285.25998582442514,279.9926115015191,279.37430064211986,279.4825632088393,277.9400511648574,287.62916456324314,310.99848196844476,325.41485997636727,618.2666670820859,680.7632437145886,705.1972622881877,708.4705498200697,728.4234695602834,734.0063924301494,742.8546079723997,756.5444738518157,858.5286096981455,1637.5146468699108,1567.0171728025346,1553.2145354974407,1552.9731168223939,1513.0305087684856,1566.114952600409,1683.2394425310113,1851.322874916478,1732.400789885239,2430.850843917352,0.09646194493410007
i_subj79_m_quito_182,subj79,m,i,quito,111.2865413845768,142.70581093835239,146.0545229911287,149.63304848738835,153.74327945004435,157.40708025420176,160.5148283401199,167.5540311251379,183.6921106687223,206.43856316479213,409.5517360857207,413.93030100057143,424.69530239340725,432.7988249161305,435.8601266757051,438.47719669405683,440.1948509730746,435.2235431694643,425.95202728877035,1439.7556174133108,1448.4701258042771,1476.7006779089882,1527.4529132326097,1609.6950400477717,1684.6034776078748,1707.9641250532818,1704.7367255029983,1689.136547546302,2506.6824368866205,0.07205797841714343
u_subj17_f_supo_115,subj17,f,u,supo,219.7916345464129,419.93048509256596,405.95588017103876,394.93996238339446,358.97910557609737,330.01625911154963,296.3225798054862,244.4406744962632,235.1547994693461,224.00094529280548,1331.798305143404,1257.4894002338053,1217.917693463991,1151.9294171702802,1126.7508594565459,1111.0103539344148,1160.88821730823,1329.3111671983258,1813.9546254448665,2830.786079594453,2780.798216088864,2727.8702308257284,2681.6285761999584,2680.596799599286,2671.229295229375,2639.605564692201,2642.315481431994,2715.2824502823046,3839.457283068191,0.07985412375216469
u_subj56_m_buque_155,subj56,m,u,buque,104.49167298059906,331.1208571103272,326.6463245722771,325.0889774748437,324.71495533608487,322.7937246813566,316.1894044860304,316.5418684539259,318.23467170836733,322.6072349223441,746.4877067005405,696.6960138328487,689.9722914337568,690.9031480959817,692.5985441062011,701.7754792726204,709.4298530005772,714.7079633583135,727.7483519447109,2421.9443253380164,2393.4147531469143,2313.3675407085675,2227.1424463107724,2162.4676854158433,2177.6629236843974,2244.884109211723,2307.6769130235457,2396.973942456112,2863.5805329627547,0.07659868246647647
u_subj19_f_buque_52,subj19,f,u,buque,178.58594709323563,391.37532515819294,388.14222498765605,391.42891070326914,391.9321698422538,388.2802224751157,371.0664137179417,343.19095656916556,265.7282475593717,189.2758407467207,982.1352596785893,961.1119838293246,971.5354364279601,970.2757984292364,974.6066295564174,918.166835722611,883.1001867482569,845.7645214694404,1484.3615136865703,1967.6458956096321,2061.693823168076,1784.460053260327,1980.1100337710973,2093.490806777586,2018.7675039121134,2368.2044419300482,2383.93633234936,2238.609709726526,2630.0216818397776,0.14754746376757455
i_subj12_f_pite_50,subj12,f,i,pite,204.16153694530456,233.8786264179686,231.6663227896292,227.49910160338266,226.40716404719004,221.57161630528444,217.25118252034792,227.04192944573273,210.12421892460364,210.2535476265723,1404.2913394241668,1294.7368366381306,1260.0654452465315,1236.9146749244655,1236.6443916643789,1321.9917585586356,1362.3346103219533,1361.9168823654124,1595.3467969765284,2654.064041036904,2687.09571409464,2679.382512323204,2657.228448133094,2654.862597356369,2670.1127015180014,2764.0549252782866,2742.950142701522,2666.5776299593667,3320.9655893643016,0.12880603457970494
o_subj5_f_bote_93,subj5,f,o,bote,201.98098996149363,469.9138187522277,408.98280308023254,411.8299783349955,422.6757120980926,412.1255430503807,411.3296796268229,413.9749120557226,398.41989322447125,402.77650888449745,570.4462765168904,596.4827178170852,605.9044464566732,595.686394190006,621.9314489555919,622.7860162815597,621.1973127237485,624.4960412050874,635.1093310346721,983.0945203406073,976.0552833480377,992.4924375080664,1002.6443727001572,1019.8675237638085,1022.2202198044572,1030.4951361412916,1035.5412630056735,1104.2595670183475,2009.2152733259416,0.15597258783835743
o_subj17_f_bota_242,subj17,f,o,bota,212.1926417311066,615.3567684547486,622.2337164780234,620.1241922391009,618.1473965458174,617.0419496250631,617.3380797210453,618.3287792791615,602.9948814986103,394.54539879522594,637.6314343127955,632.5072040885339,718.9477360216416,919.4793623600681,1008.374194764573,904.0704368810697,825.3273593954812,678.5676116722256,692.8330239700962,1030.4621044220382,1045.8642227797486,1056.024716608105,1073.9892615790247,1115.796270774054,1204.5807440661342,1255.8204081137576,1287.6465476130727,1278.3981692030518,2204.8485861638187,0.13414766879761827
i_subj38_f_quito_232,subj38,f,i,quito,255.37608636848515,283.52758925702,277.51600808855375,278.5318778731764,279.7406961478329,280.43293295224606,280.094294945353,281.6429485167889,280.8384259958606,265.4772838425333,655.589069086666,671.1298332636306,689.9500790755972,698.7040040232617,701.1639022371427,692.5651395861954,711.1810892813897,707.1480983605385,686.8720865950856,1877.5076088884107,1885.5593669120412,1920.851966169658,1948.4691858865945,1999.3906739342938,2098.73411236849,2174.2337513968405,2113.0308906753,2152.7200149579603,2795.7740430934973,0.13671803068907593
a_subj65_m_bata_372,subj65,m,a,bata,125.42547540903594,700.1089459018043,739.7699988529072,743.9385920581682,746.363070691761,749.8181452419226,750.5510350084243,751.846512293155,747.6703600035607,743.4988434793091,1119.879248514842,1132.0823461833343,1142.7522157363944,1159.2052174096154,1181.8554751594936,1203.0436045470785,1236.711308405142,1262.8403440562088,1297.999080146728,1790.4741317877574,1763.5594719758483,1762.5031335875676,1756.3924634481587,1773.5034548838435,1780.154231733831,1816.918307824949,1930.9564248655502,2009.3950649121202,2515.239692528985,0.12802386419243703
e_subj19_f_seso_116,subj19,f,e,seso,186.97863415124218,579.1196823980556,588.1335992399016,597.8740977021708,601.2348434040791,608.3857698708499,599.2688105048492,581.8220146654414,554.5866101452726,494.04206452928815,1672.5614732422691,1681.7112317846127,1697.145979422926,1707.3573970777943,1731.9367367157708,1749.0140433732938,1722.768166313115,1784.291373844174,1811.6476604254922,2938.631570618914,2897.9379915578593,2881.729896482336,2889.1623546558203,2921.9255959792795,2935.937635969595,2923.542127802174,2931.136608228464,2902.417235997338,4424.707133333759,0.15748932318180098
a_subj72_m_saco_217,subj72,m,a,saco,132.2284887299329,462.39198567268835,466.64189349575753,454.6938119624694,445.41211581551624,439.97801847299155,437.5119214599928,424.21539432453517,396.2869205691912,346.8824774698667,806.5382651009229,807.4166726349251,818.3138524705063,823.7220137538208,833.2570714078554,848.6605452068621,851.7884580368694,855.6779176791811,857.6017249152954,1380.7471124004016,1407.6745739681637,1425.4783578192068,1433.4888335751305,1446.9695228970202,1469.747699211129,1483.400511556648,1493.0082409826987,1502.2200162774282,1943.0111505062073,0.0927743988353825
o_subj51_f_coro_267,subj51,f,o,coro,222.25796302422756,449.74489888896454,441.3459010818656,440.6887085729758,443.30647800043045,435.62028990782085,426.0824695382726,436.24279363687145,427.9849135812322,427.71022614100025,710.4285056072981,759.7716444125078,879.0676157908283,876.5912579404815,792.8013573027057,760.9182504410674,761.4090207968629,731.0812324832604,722.7893531335811,896.8914930680962,897.3345066807315,888.6102223975447,953.8118358628179,1063.7744632853842,1101.4897723689612,1124.698811521662,1121.265236735809,1122.4518468341596,1797.3907417402577,0.17359544065330967
i_subj4_f_pite_268,subj4,f,i,pite,215.5135325252411,437.6553698116309,430.6995582624647,430.3406791050989,423.6364571676707,404.2268872915652,408.48382102119234,428.2482415920982,427.33991049709647,417.90010696343774,1924.3229643292216,1968.52465835297,1669.5882710563724,1720.0816826829075,1482.6684402358117,1473.7756123287736,1788.9352314469543,1634.4036406335244,1720.1697115445145,2784.102923882781,2825.1871794645353,2802.281678358662,2807.703247308149,2765.4422960394995,2786.1412723300627,2792.6618486372117,2786.326674055346,2710.3978635260823,3153.9913977932706,0.13847712367870602
a_subj13_f_saque_117,subj13,f,a,saque,217.1047179540828,657.0323986894905,716.5835171821508,754.1757976619939,772.9033981648548,761.9916981302052,755.2571949536164,727.4974925811567,647.5612010638347,510.4971037709776,1660.2462314705494,1644.3690316317497,1650.5689525888579,1660.8845238943804,1632.9715338457006,1669.8829629006837,1725.558303973584,1773.1959463460105,1806.658584372969,2947.687272368518,2909.9322123277034,2926.4471432017053,2941.6839110131714,2953.4865695975063,2862.6998953860334,2831.0741665873475,2737.73203056686,2628.8791672967254,3754.370592024602,0.15731818958966814
e_subj38_f_seso_285,subj38,f,e,seso,247.7074135025073,569.0234027261148,597.6395020033449,613.1677356806874,614.3425489735996,612.673489203545,603.1536713227263,607.7391692470458,552.877068508551,480.5282154143425,2021.4636464563032,2056.1200471183747,2067.7819089382156,2016.4565444067468,1991.5919692060243,1988.6166227271094,2006.403813646748,1987.7218140285242,2001.429793526563,2841.127689031401,2887.1239365771544,2835.6586836852416,2835.456706827105,2839.832420902735,2876.8812789090894,2927.743982602008,2939.7472214530153,2906.0204050243606,4361.874048950953,0.14341423397845576
i_subj80_m_quite_389,subj80,m,i,quite,0.0,146.60337198388817,181.89075263209986,192.7874260668383,164.1633391725252,193.66875892385738,234.0776469482637,244.1571716959145,248.78963316532304,274.88788952935477,2367.167233564393,2261.264645450638,2263.632923199917,2334.299270772643,2310.068120240393,2294.822289401063,2422.968357699517,2397.5815437624074,2399.9542483342166,3253.2151124793218,3327.511392754136,3355.818505546387,3385.5489596214916,3353.4402237918594,3325.3136723328457,3363.674868927358,3398.6126863783006,3206.53173059896,4082.220171773805,0.09919914323816101
a_subj43_f_vato_60,subj43,f,a,vato,217.32644163179717,455.5012471149668,443.05687272743484,434.7660407390824,429.8935433372365,499.5253558123293,471.6596510729427,441.3355817922559,423.0996915361279,414.27657162674825,907.009358944279,906.7638762636861,892.8229066182772,892.9078461730192,923.6244224952196,943.6999339074944,925.8456183208151,927.3372891866393,923.6375687118006,1443.9247875963947,1543.6560058680286,1533.460738618311,1514.5773670959973,1598.1722432618878,1518.2964672128148,1566.4457319088083,1625.6466750759328,1664.966940344659,1744.5909383249336,0.16130301823125992
a_subj42_f_bate_306,subj42,f,a,bate,179.49535674401113,397.0105424298685,355.3908889967794,395.14532452157283,418.570064506483,385.7200705363873,372.5966971133012,374.0596670741832,414.2264986705845,389.6209395675956,709.257302142596,841.1619277769912,881.4911579093601,862.6550219597559,872.6882439314307,871.7346759899788,865.8669196117208,855.8148281800555,804.6649962338023,1224.11133051248,1300.1395056497927,1351.626884618363,1383.5785835620854,1374.0243211707764,1435.943913099809,1490.6104020651762,1539.6649581608071,1513.7881428346018,1931.0829571400523,0.1657218526092038
e_subj16_f_seco_278,subj16,f,e,seco,252.705089973483,483.0692381974356,485.31587786973995,490.2141872313644,494.6574105999327,495.16598194168483,493.32678186793447,488.88113645455104,485.6850123367425,485.94057768008355,776.7587928693506,785.883313126438,788.9053172278676,792.1800351411601,792.4057469150096,794.2676616627666,796.773324099147,793.9423238410575,765.9087033805955,1532.5490483910585,1580.911745376021,1604.3537010441244,1630.6789538862656,1649.138235069986,1660.9226755985003,1675.1183943548992,1685.6318782373376,1636.182095705163,2035.085455056721,0.11838499510101883
e_subj59_m_bota_101,subj59,m,e,bota,124.21628457674244,458.5312842178691,466.2745848349116,476.55246220832436,486.6236863847143,488.81420147346864,490.9889071514341,491.87177124327815,493.4867474284762,488.80286311422964,808.6284078006322,847.4552376823494,895.2161569802288,941.0232158710535,981.6385787493904,1014.0358935807735,1046.4779058805798,1061.0261560076892,1074.0095127572788,2278.233083718497,2299.5448981305385,2403.3052607592776,2441.404158096051,2413.3783754719984,2385.5058675411833,2385.8605618153465,2501.519491681895,2592.4158978630794,3072.927415371806,0.1041038190769342
o_subj8_f_cosa_253,subj8,f,o,cosa,203.8573977670446,411.96341374215046,411.13008723106196,410.605166937599,416.1786501013893,426.84772619180666,447.6824806340256,446.2206087081647,394.30706375204113,348.1315933918188,847.1406071727534,850.001440523847,839.4564040227714,839.0884228842943,832.4214365087389,821.652328645925,921.9152038692098,782.1408329982437,731.6700697472702,1038.6953549681987,1059.5731544613761,1040.5380124095177,1032.1472826679606,1021.776768378157,1027.6330906610367,1047.522255731748,1181.9118684943028,1256.2667060151393,2569.4002389506454,0.15918304898152658
i_subj68_m_quite_274,subj68,m,i,quite,0.0,250.72399807256312,250.72399807256312,250.72399807256312,250.72399807256312,250.72399807256312,260.24219787895976,260.24219787895976,260.24219787895976,260.24219787895976,491.7972886215107,491.7972886215107,491.7972886215107,491.7972886215107,491.7972886215107,340.9711410774799,340.9711410774799,340.9711410774799,340.9711410774799,1477.4113448357261,1477.4113448357261,1477.4113448357261,1477.4113448357261,1477.4113448357261,1489.238020528831,1489.238020528831,1489.238020528831,1489.238020528831,2366.350637725924,0.053588459699449226
e_subj7_f_seco_266,subj7,f,e,seco,235.65440262271508,516.5455435478552,520.3980249569739,524.8427417599881,528.1313832990717,525.169732192632,500.81655452453975,478.51695060609813,442.7491317019993,424.80267092152934,2059.574375046145,2107.6680246391134,2120.3817312632495,2118.057694405025,2068.6311105257287,2115.849677694194,2099.094239893757,2162.3214241970545,2269.1118446605674,3057.6093094841576,3049.9606731119275,2993.569755281265,2913.6585247330745,2882.108904187238,2968.318646740358,3015.7825623428967,3002.3066187666586,3012.4939792650366,4235.114202008481,0.10319929490108279
o_subj10_f_coro_29,subj10,f,o,coro,214.29959305847163,512.4565623598446,505.3279159306049,478.8642028125596,509.41174627506496,524.6395263512213,539.6380924470218,529.5567959674739,524.3796445538776,512.9061137202201,1027.6563808255773,1053.6843406407859,1072.6640769024998,1073.8958354041117,1074.908891238269,1208.8817643553964,1294.2261540102425,1277.260033353972,1312.4929042889487,2634.1143767252593,2664.559409857269,2685.7395041604314,2713.3331142741004,2704.4627800948297,2731.919550337738,2778.981512540347,2757.8132757939106,2760.798450759208,3642.854167192084,0.15240537706262602
a_subj62_m_vato_145,subj62,m,a,vato,149.36950792267325,693.0473027064501,695.0396119747303,687.7415610522903,594.7712261049325,514.5341711499116,486.95428124591393,501.0199686352276,488.2278939859024,462.40248466635654,704.4496053703375,730.8352130955618,765.1129518336521,821.4747869184666,850.325266966632,839.373639913946,841.1748401224891,810.4452844959382,710.2404899715385,1392.6120384737937,1400.239331550123,1418.1483802983294,1443.7468178421766,1599.65663177524,1556.4572300424654,1580.453700941229,1601.5596877222997,1634.8441605034259,2306.9286314732553,0.155722287498827
a_subj44_f_saco_231,subj44,f,a,saco,195.4289465879442,458.32783532705196,456.3569639814793,470.4608306087517,482.85239050788755,465.05350421553817,439.5370892305983,416.38179659161443,378.05844138347913,347.70164924197036,848.3930141798759,866.8666859625043,879.9358819060528,888.9030781058026,883.2276591663162,864.6561980938097,849.6268680641366,848.298744425733,832.7278447239054,1712.6629788951923,1477.8773882797484,1445.532161736886,1580.225405723031,1654.946637253533,1651.9666124081477,1594.5316785512264,1594.5545216110686,1608.6799309599212,1693.8989366372434,0.1205049546018074
u_subj5_f_cuco_105,subj5,f,u,cuco,226.00072463308274,409.7740126975143,411.30316023824616,406.5030799834881,398.8899984090269,356.95642388590784,324.61023768101524,336.687502560612,339.64545529766286,340.61711559184215,862.2486597842045,874.1572924491238,872.7682811523742,869.8372099914701,869.057423408873,837.2278418745628,801.4376608155167,773.9798363416977,752.8332060906665,2635.074071519516,2227.591894605518,2200.014681506582,2288.147494021515,2309.6906466423143,2285.784071707924,2267.4632173443874,2303.5215024022914,2343.292051473257,3030.1833803187396,0.12259106556012397
i_subj18_f_pisa_207,subj18,f,i,pisa,255.00911325473592,267.6353158708801,267.93316652087094,268.5813827818082,266.5519746297531,267.6150476180272,266.89930501346447,264.15976112927336,265.07230581783654,266.4881185145346,541.6564935598357,541.591297411465,545.3081273856445,546.2095238129024,552.1066859755283,556.8210359906966,552.5419657415754,560.3938424010074,570.8615383500423,1683.1013996779866,1647.8050796321002,1644.3229000510219,1638.7461200497733,1594.8451050516746,1549.4930203253334,1551.69046132992,1564.6342864443209,1643.623922841168,2399.400395703504,0.16124069498402493
a_subj35_f_vara_284,subj35,f,a,vara,222.3785493672546,648.9653592488893,601.0882558432338,614.6383417482083,643.8180782541758,656.2894078481087,636.0751009029315,629.5529939772575,612.8016179302773,618.5203055690898,920.5555004760002,911.3373597300069,904.4469915853236,905.42129416359,896.8066209124188,892.6014715300302,893.4931526150464,894.331257688326,893.1062120387635,1459.6791137725336,1507.8137920449751,1528.312854690914,1544.4340137691613,1529.182608777344,1591.81945280913,1655.1272631418165,1741.1659289532308,1770.2243546813652,2774.358783073344,0.18000044526828562
i_subj5_f_quite_67,subj5,f,i,quite,211.5980188702902,219.4705771016935,219.95430098114602,219.95430098114602,220.0307391919345,219.54522641979372,218.7378179107235,217.7102684252768,217.7102684252768,216.904447932948,1931.2912100635106,1902.371799769998,1902.371799769998,1885.4155530719459,1898.8362361495538,1937.153914216548,1963.680011250863,1963.680011250863,1948.1166903870305,2780.632153624366,2761.81202317369,2761.81202317369,2746.3123603613453,2741.6119142991906,2746.717408261059,2757.743699965978,2757.743699965978,2775.5471872573,3550.23118086698,0.06695879380142741
o_subj44_f_toco_48,subj44,f,o,toco,197.8339941303337,419.5547595115657,446.10709350800346,472.9324897416557,483.5143829466903,490.4278184716527,491.07685647749236,445.08973162016827,444.8795491688744,431.0526616990292,637.7827200899453,631.1709918767999,604.4362942947955,598.9015176181074,592.1732825574891,574.1460477066463,568.1326336505966,573.0294953891728,583.0842103715761,1423.362259886572,1376.619881179547,1334.7694391139403,1313.765800423771,1271.5142479213737,1222.531088811344,1181.1027533134318,1169.500884528684,1169.458521763315,2975.8805867126225,0.11271685291577568
u_subj16_f_puso_309,subj16,f,u,puso,268.7142405937503,444.15192858734093,454.5804091111817,463.9857331828569,416.480975088299,441.7111340350837,491.68799205686673,462.458793439424,411.3412873932645,353.7764101190973,747.8901927550032,779.2892784769195,826.6331120064925,641.7005036261418,588.3125091524975,496.35765970292647,495.89179014572534,570.7528127419125,647.0328811010743,1546.1164644323644,1294.0183167226876,1076.5499069660036,1038.7274546690885,1095.7811946261488,1115.482084064861,1126.5030966871207,1156.1811230324413,1360.2305473453437,2202.452754121863,0.14259215490411636
i_subj77_m_quite_260,subj77,m,i,quite,102.04838945891143,293.88317220717715,297.79238557703064,295.9519047528219,301.9778287557205,305.0220485479496,301.8484959487596,305.82360129479963,304.8719914405049,315.5857380614021,1750.9997130745003,1717.3729359115814,1651.7267865311603,1649.3358833896416,1647.3547208659231,1630.1604569798037,1601.0214332333549,1562.5455160737142,1585.1053881577611,2361.7430165507653,2381.1371006367845,2375.503583040004,2383.898520261523,2396.61671821769,2393.5754227187326,2388.8108042780273,2389.313031026059,2379.46006658767,2886.7803524578617,0.13185055607024196
a_subj8_f_bata_119,subj8,f,a,bata,174.76629404397127,550.6048986520782,644.0055152100746,671.608347127484,687.5772931580785,703.5575248209111,693.8413402816075,689.646244066218,653.8011168834424,497.35605292038326,766.7120321247776,742.2188236989598,978.5844898817959,1025.8739513557782,1052.9793694990904,816.9658789789113,823.8653156581048,723.6643634384591,783.2146088565914,1230.2331841944228,1250.8074130578893,1398.7012507316047,1459.1581469732512,1550.908560995866,1427.1538517418276,1472.0919812160066,1526.3623120042116,1600.999980996478,2569.125716280653,0.18412389206852142
i_subj33_f_pite_113,subj33,f,i,pite,214.77282095071092,241.0916710964847,233.73684523488183,229.34197952800614,238.67403603703832,232.50535371261995,232.95684950180325,234.3493285065039,233.69742278466418,235.17136042163827,443.6429332009245,451.3848335054531,445.1130670990293,445.44941122603564,448.8787524717957,439.88856117451763,446.47796517264874,440.88327608700416,444.4801268194841,1614.9134541880735,1721.5990463205844,1764.050071013841,1843.689284340955,1689.9939919263843,1672.3216591147284,1592.0540790224848,1640.5035533467815,1665.9588274134055,2548.4063428776944,0.12673533936981016
i_subj21_f_pisa_141,subj21,f,i,pisa,224.9783080205401,339.78561197755454,336.22260241144454,330.89181275982577,335.2202866814002,336.52559133065665,337.6937052622688,340.6001486151235,349.7023611203527,356.28940745068155,2425.3149809404176,2473.6133938047847,2485.966593865787,2472.6510569457473,2498.8806642505115,2456.283502117869,2417.226935619169,2324.0629796905896,2320.805823448361,2871.9100307511003,2894.948168492393,2829.170357930222,2841.7653019349755,2852.521481530736,2767.4470407507,2724.079375208521,2626.977299818098,2687.025511673669,4061.1749168452175,0.16320143635101092
a_subj81_m_saco_216,subj81,m,a,saco,82.08147775063168,358.5194611356063,450.37288873489206,489.63724592906163,438.1590015898272,368.80721063895896,343.8024086991296,392.8198755715749,410.30366957047545,448.1840983774338,1352.988177852057,1347.7493845519127,1333.0836244383838,1301.8735374526607,1252.0480190281496,1248.2795630619203,1261.7610880484754,1259.0168282824336,1265.4269817644702,2593.974114882129,2589.422538002821,2571.4874671371126,2490.3175688725332,2422.177344550265,2457.428144917513,2492.726242182283,2520.67549770927,2524.499840615874,3044.20023410857,0.11593717468979889
o_subj35_f_toco_46,subj35,f,o,toco,232.63540445033817,436.66280058417954,431.3858761487855,421.54468790391155,406.4339529975694,402.3430455036901,397.9511998006599,389.8035756787474,390.7788164018151,414.04372489627696,580.9113139708497,658.8835784176838,669.1531043939908,675.9512356919125,678.4208114506885,676.281072470894,664.085409221882,647.8057532194042,612.862366405346,1374.9673095150233,1378.3235656732936,1365.909852939418,1317.8769265772246,1275.4946075541059,1241.4316435022622,1231.7099452364998,1191.0031824124983,1156.4547962194736,2195.735364325753,0.12785837740123326
a_subj26_f_saque_81,subj26,f,a,saque,199.15805584754597,477.89795680780196,471.28846595589306,462.27666474702505,418.0886764917909,402.9700555179988,335.56722526854696,292.0358592167819,241.61447516501076,217.00902344374632,782.6670542478121,807.3929667450388,927.2796290281802,958.5884766916174,937.8153203837837,968.8292688748769,1005.6401801077004,963.4712931826863,1028.5679101205283,1683.0010240563556,1716.77121103221,1716.7019648956411,1689.2737276512773,1683.0943356534667,1734.7504589113478,1734.2308376013102,1813.5122138232605,1804.4629292015934,2509.7052631983847,0.13411416819888586
o_subj25_f_toca_253,subj25,f,o,toca,114.05878245959408,515.6263152755184,476.9793814513284,466.5758988485161,452.8893839466402,490.4990798847346,497.2951956817195,476.2088947442228,446.9376458708425,426.25964502844784,724.3330296850024,763.4796137337411,789.139163755341,794.4988505083721,793.5498706898483,779.3021816002198,768.1488306595102,781.7827394237635,742.586608790204,1248.9265193525866,1207.3452015355203,1182.5460835172935,1172.5875610613862,1109.7872063505847,1073.2206703340498,1036.0981332834867,992.1250636601349,965.7270079878567,2122.8265210670165,0.14536522457876233
o_subj16_f_toco_169,subj16,f,o,toco,237.40659299370193,565.9781568505919,574.7011772116532,576.1331629637118,562.6993921473791,547.583619988483,529.4825124318246,511.8863851927163,493.74665689111396,476.4013590565711,1407.0553040751067,1384.3443522335406,1330.8107892061691,1253.0552189229852,1211.136312510083,1182.9013160261547,1167.1340680958363,1154.4268155579437,1126.7869192238816,1744.325341727441,1786.2684979746707,1915.3284156836814,2029.4026993415935,2134.8915614388234,2204.3763132599993,2071.261434141749,1838.0418405910918,1607.9887755729749,2792.4553223020303,0.12427764402948469
e_subj45_f_vete_121,subj45,f,e,vete,200.43036281138865,403.66402935167434,407.9577366567873,421.9475807521155,422.73941341165664,413.10385777132115,423.2291857358721,447.54443054693667,386.120379712364,268.7644970805787,1395.8073931728718,842.69789886658,868.2848486137739,1109.2801223839913,925.0308700916049,984.9637130703553,492.8299896142398,1442.7136856846892,1347.5760875201206,2235.0254490612965,2282.7358080322315,2309.088106269684,2163.8186267739416,2105.921666881332,2149.1223187695036,2212.930331218602,2187.1046367438066,2078.7783685726495,2411.4809698170025,0.2134562587890173
i_subj67_m_quito_299,subj67,m,i,quito,135.14982029189014,227.89923929342973,234.42051114075286,242.86130424280714,242.86130424280714,242.86130424280714,252.4113915889577,262.8788472458242,262.8788472458242,262.8788472458242,2387.3562440380965,2363.736228899668,2341.7183502287926,2341.7183502287926,2341.7183502287926,2373.187209841919,2455.1220003095473,2455.1220003095473,2455.1220003095473,3047.2360577862523,3022.4617887078475,3006.3047860846955,3006.3047860846955,3006.3047860846955,2996.4238738718686,2978.60080017828,2978.60080017828,2978.60080017828,3956.192261357933,0.06159910524180531
e_subj63_m_seco_80,subj63,m,e,seco,122.32667042276333,519.0633899690833,531.4785454793392,549.7791542668633,560.8932310592139,565.6591601999381,563.7661240605383,557.0295186314548,536.4007132112326,490.3627521308669,1584.2712119591345,1601.2773879863469,1568.617300275088,1569.8993952982098,1617.7024828631925,1653.5097679226067,1684.999831272021,1709.3516888315755,1721.9611905755826,2619.1820047127803,2562.2931137546166,2579.8232918428484,2518.9496625814663,2409.407169703905,2392.7938471377747,2422.820235980401,2420.4821482166385,2417.4094972263506,3378.0120140129625,0.11467111736653521
a_subj24_m_saque_102,subj24,m,a,saque,122.79801739934307,634.7544376455481,648.6766642982728,655.0737578817402,657.8157810097565,655.6967613416239,650.050318293298,657.7763699425914,653.923933789059,671.9706845413453,1407.2715920160617,1377.6125173686412,1365.9856545150758,1365.043599952152,1375.4119010971158,1411.1884653892353,1430.6596495135768,1488.4095005594024,1578.0827254565654,2348.795487057383,2282.0609878727164,2246.2067861104965,2214.911250432259,2161.227249203558,2225.045032530524,2256.212620442936,2118.501288117803,2097.7050675958726,2661.7732792652537,0.12393679089920226
a_subj73_m_saco_263,subj73,m,a,saco,149.20343674834533,373.48902227945604,364.7339624239636,408.57252508750884,361.6301313566131,368.8647548253419,312.68851322561335,318.63590699733595,334.6184427952058,339.37871754309526,697.0987135714786,703.2328954323334,715.3867240767909,721.6104112830162,720.9846633333838,715.0166105066273,704.0864108006685,704.1050511537059,703.0522208195233,1390.2016918195666,1362.638610897952,1345.4849573325184,1325.314821833979,1353.7192951202928,1361.9382083751195,1360.877495990785,1417.6941276989446,1397.6385528477956,2348.766474336847,0.14064211854084763
o_subj48_f_toca_124,subj48,f,o,toca,213.21448737267934,494.1844883228633,531.4079862936968,556.5406214294071,572.2056615954257,595.2400043636987,605.3368061004932,597.3036189726082,569.3737678877694,551.0921958951286,731.2483798501573,681.9110939318301,745.434803905573,804.9443481688237,879.964492954375,931.8612127630478,846.6235043628719,855.6313628669619,850.0937413304752,1585.0897672393455,1488.3119192362276,1469.5324836142186,1441.7262588665703,1374.9827304836103,1276.2488407503927,1239.0388194415316,1231.3094687929145,1219.0367427114963,2696.614965627715,0.1305222787874186
e_subj17_f_seca_265,subj17,f,e,seca,228.41069999585903,671.7901528163791,679.128097966665,685.422642164537,691.183744111359,693.0194872897538,693.3101748348837,690.1325677311148,664.544888028836,629.7279386039224,2066.2047454190924,2091.244771389213,2118.1755854310245,2134.315515519077,2042.3888396808004,2065.1101357395105,2184.8752272084544,2167.234850019913,2136.6732816917015,2164.831585182769,2143.9425533505064,2131.2568377815032,2158.1772999002883,2229.168445051783,2231.674873657614,2236.13057978521,2252.998405529777,2159.0009520440576,2940.1875997546376,0.1049297178573397
a_subj46_f_baso_139,subj46,f,a,baso,190.91799950371188,799.2989129444659,815.6091026888155,827.5563572379039,836.8431452044019,846.6945494777756,861.0270679928138,868.5354426290079,859.5625911196191,817.7116748008928,1375.8497509693093,1381.304018764347,1374.1283631827973,1372.3753024629173,1370.5847348410944,1369.2958468287807,1370.1269437852711,1371.068340605413,1373.7474140119755,2808.052633504786,2821.932418163691,2833.197782506571,2853.3137144181246,2866.0667514796555,2880.02669130444,2899.1101011420023,2922.5342378127275,2948.440713130494,3664.062853233668,0.11609898707149
u_subj74_m_puso_142,subj74,m,u,puso,135.2618978437129,313.06713825997707,311.7907397009424,309.49522980866425,332.91718116234205,328.01835948452515,337.78258965865496,352.0248616108656,359.705457322078,368.38395360588896,654.1451531622359,661.9018653177468,679.1321164311194,694.9044958527745,713.2484263530641,805.7373701788554,887.463908574328,985.0498287351052,989.1793056072215,1553.8167296670988,1541.7805737066685,1534.7989897980087,1651.6515529264307,1721.958239115116,1439.8589907971507,1533.5399217429788,1401.2834677871415,1466.3231214629604,2732.8065734029697,0.1377633406243831
i_subj19_f_pica_250,subj19,f,i,pica,202.80020962658483,405.4974495317604,405.14075163620066,399.31750178446396,395.9954791741433,396.17002438595847,393.37677209173876,393.5098162981892,394.6446503960433,386.411944664339,2459.582816267395,2523.645020828246,2552.9659124782597,2559.199943371179,2610.000114145474,2622.940455628194,2661.0542420218817,2667.78386753518,2660.3596686471196,2844.379605674143,2960.7156154341687,3019.927756053141,3071.2447905155523,3156.1825677693987,3216.5533781327126,3310.462082420464,3161.578546151771,3083.3810384173858,3585.0617120740367,0.13316765886301027
u_subj6_f_cura_35,subj6,f,u,cura,248.4245593444743,301.6984556981406,301.20661461776956,298.9777037955978,304.921434205454,325.89232507391097,326.18017127846315,340.0012513229051,369.77613855357595,415.42073229939103,918.6283748941634,937.2409292663132,951.7592114956237,988.0898326292647,1049.7646143769855,1103.7025773701605,1251.9465898805418,1387.8918922215637,1543.6515744042417,2670.7384060199647,2716.656553241822,2700.030192201556,2715.6243880088987,2794.7313052719273,2824.5491567738,2820.615535675851,2840.361857379542,2861.0049252859512,4189.049154930249,0.15854680799192666
a_subj57_m_bata_134,subj57,m,a,bata,109.96520932094607,202.42759125715773,112.04319080336975,467.6386477004466,587.5230919699148,611.603727333482,642.3837287622034,641.4772525854395,633.5298489438233,580.5120649407237,1529.712047514665,978.275903282444,1135.517513545033,1215.392463848253,1226.2269324319739,1280.8896356122862,1342.3899842079436,1442.0177889587542,1476.843609688492,2285.71700210842,2287.4501920796956,2401.451519460041,2508.566584894393,2510.854024587692,2505.9212873414485,2457.785688827081,2552.9222433215264,2663.3059736708506,3331.6204572114357,0.19419235650379962
e_subj8_f_beta_87,subj8,f,e,beta,185.91945473281274,412.13810841601247,436.98363376537463,449.77517356641687,449.5266496949555,479.20777332778954,490.62485313834554,491.93972572064587,436.81031219250787,414.2100797142762,736.05195500017,728.7035904312601,727.7762278489777,743.4472271488613,728.9950513873712,732.4441040607328,744.206588154657,795.3529256004556,507.53752973677575,2068.2484472262677,2227.0590929346135,2267.86026096609,2270.6856073234985,2263.639029339848,2307.1012567087764,2225.1206974156094,2199.971427024449,2087.609061823389,2372.063003159553,0.20184926954918014
e_subj17_f_bota_142,subj17,f,e,bota,213.28691649206803,582.0079877562293,631.9385474862167,647.8813366633585,653.6098014249554,657.0032301934287,636.8915627996589,610.3550276793509,554.6318138018717,367.59875805141877,970.2700392606849,1008.7706045152389,1043.4577321674992,1112.158553806261,1196.6525418703447,1249.1417123919086,1278.8323568142257,1273.3023842040684,1207.2609361686063,2880.598434308224,2859.285690434692,2895.535359723671,2930.94319165195,3011.124743924369,2987.91483756622,2997.0191630511395,2994.8009401225563,2367.6978827516873,4009.8995690420056,0.126434695609953
i_subj66_m_quito_162,subj66,m,i,quito,99.99645044025641,183.14793650706153,230.5077882558954,190.09500726573106,217.063143129718,165.38670956557374,167.67631580201828,178.15193478926264,120.38487537829786,115.23337245551146,719.8140273810444,609.3498542831451,636.7445423246035,727.957654153684,668.9993616738533,497.14789618268736,645.4648462527693,769.8303390847552,794.1593461178078,1931.899663998094,1879.1328708505323,2097.1763497545335,2232.1752222274113,2160.884352487876,2043.4218649293696,2245.420869986937,1941.5243745455507,1746.7542107666195,2312.1122003162714,0.15827440591748998
o_subj29_m_toca_137,subj29,m,o,toca,160.24632574777021,493.7748981075309,493.48051829158834,497.2100508751217,503.09493115123564,507.96573318301205,499.31696962515826,476.0297736955109,462.68327400708347,440.61504803214694,645.1634403469732,671.6302159114321,698.6326398942613,719.1363645671632,727.5953860889144,754.0999126204462,897.2980398636998,938.285513241879,885.2710023114829,1134.3411717867618,1121.9661544052378,1126.228285951849,1118.5254258971556,1103.6070850485803,1080.8256586651921,973.5593162296169,944.343795689079,1363.1746308549396,2140.2889240021177,0.11855983593624728
u_subj35_f_cura_70,subj35,f,u,cura,244.14301521687156,258.85761675178446,272.52562405528033,266.5364652059392,260.33581012657373,256.8198117933555,267.72737318893894,305.55437328190914,291.23356074004175,277.81396261134637,486.71386434252054,493.1236422506958,491.1248030831088,488.3255289691691,487.2180739173826,488.27953155859643,490.8978267765573,493.251555956529,491.1302811208925,985.0688425307305,986.626636102735,989.4695192075186,1000.1857860302845,1012.1785141019112,1060.8418177815338,1488.687089670872,1336.6822889505097,1360.1901834886135,2049.8164273445027,0.13529093731420402
e_subj68_m_seca_214,subj68,m,e,seca,148.84241416462018,547.0456988491869,564.3178256017666,575.067104854902,580.4276935054617,582.6202917122952,580.6282197629462,571.5611331369142,553.6167133941864,510.8473820521985,1184.4859127859952,1159.390570440321,1149.6779158949469,1142.890121037671,1107.849348897539,1061.2431239121486,1007.0965613533521,929.2841099182261,877.9893733539953,1732.3380754655159,1752.2077065400024,1760.0135968299062,1770.6781197031996,1786.7919545287143,1798.800138749401,1806.6233442760445,1818.2696503457084,1833.0695196334345,2439.8851636661375,0.12854887418324665
u_subj69_m_supo_280,subj69,m,u,supo,194.44911839163996,385.6701573363463,386.6134441274453,384.7974482670161,381.6607638605244,375.0248156456364,364.1752477216538,304.82024567178826,268.6849202014898,230.32893226095376,1118.4879172605058,1068.3547732563666,1028.421036152758,992.419601947841,970.9437046407993,956.2561051641242,945.0435501772185,962.8017017852272,933.7485077162019,1561.5980100862191,1576.0906730860988,1603.0803547681962,1613.9243049985398,1688.875071090353,1700.2034692799314,1560.3078190701024,1578.1491550706774,1719.992415509903,2524.2793244765367,0.09909480042372251
i_subj4_f_quito_241,subj4,f,i,quito,211.79111553884977,324.90697161983826,336.425551009713,337.58574563152996,336.7454670820102,335.9097462853325,334.73996370575736,334.0466790007734,333.17292071267485,331.96930113541214,3136.822839984215,3075.002399630689,3042.7817657112023,2998.7270163488724,2967.581273713661,2931.472192632439,2933.03528470989,2930.6042334550298,2893.931566889125,4148.868876481591,4200.7464387550945,4216.160940843741,4243.709418839842,4218.372067288646,4163.534801064939,4163.238693117108,4166.404016066812,4010.6819468830795,5472.131949899039,0.08629832671695112
u_subj29_m_supo_55,subj29,m,u,supo,171.20606547712867,380.3812072613345,383.27219040303993,379.83435034040866,359.2208785528893,226.62459005214967,187.68283828131737,173.07685297473992,173.69149850214086,169.40932469062412,1131.5733154327254,1123.5111769149105,1100.103570252973,991.3994602886203,890.61699262397,723.0902359535963,548.4680612372935,584.8867067298992,542.18687468817,2007.3905299203377,1915.69179617248,1714.5605357131203,1789.2361966365477,1591.6424465617995,1599.0312980049357,1607.638485469055,1581.3538481067596,1684.1621858312956,2331.234125844753,0.11887487374012692
u_subj11_m_buque_315,subj11,m,u,buque,98.81995156800545,308.9801541368541,303.8741059284493,292.8337823694348,280.3605945481816,279.51408178867797,279.784226627832,274.3821696645938,261.1979461022074,254.22246133091957,699.9220090731585,714.6246060892997,680.4102901143765,669.056879575782,672.759798834529,677.6436385717643,678.3277950336802,675.7104816766379,702.875846281589,1659.3013913452248,1637.1019718444727,1569.440722555527,1731.3945591177055,1887.189524020028,1796.0472454012831,1560.3980148585013,1629.6918955136146,1799.6169823085597,2311.6566127871415,0.09951343446206237
a_subj12_f_saco_112,subj12,f,a,saco,190.85162971015708,593.8391868476409,584.180147152136,577.823980180456,581.406647344262,582.9741132446828,573.521966445214,555.541919801815,508.89674288708505,450.59277557600467,865.1871647295194,952.2378816277595,967.7536135928997,967.6682032813763,985.8696597056852,1016.4070538596627,1018.8029736074367,958.7669562748082,927.757714202831,1735.2590265212627,1740.2230332639926,1720.3041379016397,1703.5116557776405,1705.9951881412808,1566.2352581177406,1702.1000890995097,1742.2944167981602,1696.9782611361697,2690.0793916623825,0.1587296878830614
a_subj5_f_saco_127,subj5,f,a,saco,171.7268779617779,644.2568580254213,598.7733683955295,520.2067637599051,530.7213563588402,512.3598569338205,481.7695828793791,434.67122525769116,385.5464092490674,312.67021205356633,748.7697132511241,824.5424462664366,872.3205873024833,893.467422540737,927.5297046883086,932.6129204908252,925.3447099404843,902.0727701181484,879.6697215198959,1592.9167883258754,1581.6259416290645,1550.6860747453022,1541.6504570596176,1513.9234665357137,1501.520726180655,1483.1902803313465,1461.9727503539928,1490.0626541330362,1806.661345426935,0.13394072340103377
